author/fastFollowersCount,favourites_count,followers_count,author/following,name,uid,listed_count,author/userName,content,createdb,favoritecount,viewCount,retweetcount,replycount,quoteCount,bookmarkCount,media,place,avatar,Pi,Ei,Ni,PZ,DG,NCI,info
0,91026,592065,15387,Nick Adams,91583544,48674,NickAdamsinUSA,"This can be the Golden Age of America, just give Donald J. Trump a chance! https://t.co/7qHXXHZsrv",2024/11/30 18:29,254275,10457126,33884,29876,2606,7881,https://pbs.twimg.com/ext_tw_video_thumb/1862926723823652864/pu/img/0WxThyeSxUQr42VC.jpg,,https://pbs.twimg.com/profile_banners/91583544/1591900473,84,4,46,32,32,89,89
0,91026,592065,15387,Nick Adams,91583544,48674,NickAdamsinUSA,"Donald Trump is your president, whether you like it or not! https://t.co/nPfLGL1f5P",2024/11/30 1:59,254045,10440009,33849,29850,2606,7880,https://pbs.twimg.com/media/GdmPpqaXMAE7Iiw.jpg,,https://pbs.twimg.com/profile_banners/91583544/1591900473,100,2,74,53,54,56,100
0,91026,592065,15387,Nick Adams,91583544,48674,NickAdamsinUSA,President Trump has already accomplished more than Joe Biden and he��s not even in the White House yet.,2024/11/30 1:29,253071,10423077,33706,29731,2601,7874,,,https://pbs.twimg.com/profile_banners/91583544/1591900473,5,0,4,27,22,16,3
0,91026,592065,15387,Nick Adams,91583544,48674,NickAdamsinUSA,"Rumor has it, President Trump went under par today! https://t.co/2GkczlZITF",2024/11/30 1:06,252279,10404098,33610,29682,2599,7871,https://pbs.twimg.com/media/GdmDj08W0AAC4xo.jpg,,https://pbs.twimg.com/profile_banners/91583544/1591900473,0,85,92,53,81,20,21
0,91026,592065,15387,Nick Adams,91583544,48674,NickAdamsinUSA,"President Trump has a special bond with his granddaughter Kai.

This is the side of President Trump the media doesn't want you to know about! https://t.co/Stgh6GAHYL",2024/11/29 21:00,251647,10371123,33579,29620,2591,7865,https://pbs.twimg.com/ext_tw_video_thumb/1862602453914374145/pu/img/CqYBHAgSH9nY_Tge.jpg,,https://pbs.twimg.com/profile_banners/91583544/1591900473,98,36,34,67,93,3,95
0,91026,592065,15387,Nick Adams,91583544,48674,NickAdamsinUSA,"I hope Hillary Clinton runs for President in 2028.

That would be the easiest win for the GOP since Trump beat Kamala!",2024/11/29 18:11,250260,10345094,33359,29593,2586,7846,,,https://pbs.twimg.com/profile_banners/91583544/1591900473,9,76,65,39,51,41,38
0,91026,592065,15387,Nick Adams,91583544,48674,NickAdamsinUSA,Black Friday was better under President Donald J. Trump.,2024/11/29 17:56,250055,10333006,33336,29572,2585,7844,,,https://pbs.twimg.com/profile_banners/91583544/1591900473,27,13,88,71,20,62,85
0,91026,592065,15387,Nick Adams,91583544,48674,NickAdamsinUSA,Black Friday deals were MUCH better under President Trump! https://t.co/Auh4jDsWCT,2024/11/29 12:00,249896,10321918,33325,29549,2585,7843,https://pbs.twimg.com/media/GdjPeN6XoAAkY9r.jpg,,https://pbs.twimg.com/profile_banners/91583544/1591900473,89,48,12,88,59,25,46
0,91026,592065,15387,Nick Adams,91583544,48674,NickAdamsinUSA,"Yesterday, I was at the Barnes &amp; Noble.

I asked the clerk if they had Donald Trump's new book on how to deport illegal immigrants.

She immediately said to me:

""Get the f**k out of here and don't come back.""

I said, ""Yes, that's the one!! Do you have it in paperback?""",2024/11/28 18:24,249809,10313294,33311,29526,2585,7843,,,https://pbs.twimg.com/profile_banners/91583544/1591900473,78,25,35,2,52,55,24
0,91026,592065,15387,Nick Adams,91583544,48674,NickAdamsinUSA,President Trump ate and left no crumbs with his Thanksgiving message this year!,2024/11/28 18:03,247641,10243416,33000,29365,2561,7778,,,https://pbs.twimg.com/profile_banners/91583544/1591900473,74,67,28,94,19,33,9
0,91026,592065,15387,Nick Adams,91583544,48674,NickAdamsinUSA,Pro Tip: talk about how thankful you are for President Trump during your Thanksgiving dinner with family tonight.,2024/11/28 17:38,247517,10224255,32982,29357,2561,7776,,,https://pbs.twimg.com/profile_banners/91583544/1591900473,28,46,94,40,11,13,53
0,91026,592065,15387,Nick Adams,91583544,48674,NickAdamsinUSA,"What are you most thankful for this year?

For me it��s President Trump.",2024/11/28 16:45,247297,10207072,32960,29327,2560,7775,,,https://pbs.twimg.com/profile_banners/91583544/1591900473,82,3,75,77,20,24,60
0,91026,592065,15387,Nick Adams,91583544,48674,NickAdamsinUSA,"President Trump will make Thanksgiving affordable again next year.

This is a guarantee.",2024/11/28 16:37,246799,10191081,32918,29235,2556,7773,,,https://pbs.twimg.com/profile_banners/91583544/1591900473,26,57,23,42,45,37,65
0,91026,592065,15387,Nick Adams,91583544,48674,NickAdamsinUSA,What are you thankful for today? I'm thankful for PRESIDENT TRUMP'S WIN! https://t.co/1XtR0jrMft,2024/11/28 12:00,246402,10178394,32878,29202,2554,7768,https://pbs.twimg.com/media/GdeF4e-W4AACu1E.jpg,,https://pbs.twimg.com/profile_banners/91583544/1591900473,12,77,74,75,38,77,56
0,91026,592065,15387,Nick Adams,91583544,48674,NickAdamsinUSA,"Walmart, Harley Davidson, Tractor Supply Company, and John Deere are all ending their corporate DEI programs.

President Trump might have this country turned around before he's even sworn into office!",2024/11/27 0:43,245489,10163483,32751,29146,2548,7764,,,https://pbs.twimg.com/profile_banners/91583544/1591900473,6,37,78,44,8,82,56
0,91026,592065,15387,Nick Adams,91583544,48674,NickAdamsinUSA,"Make Donald Trump President Again.
Make Jesus First Again.
Make America Great Again.",2024/11/26 9:59,244417,10138181,32568,29093,2542,7754,,,https://pbs.twimg.com/profile_banners/91583544/1591900473,7,93,40,17,71,22,6
0,91026,592065,15387,Nick Adams,91583544,48674,NickAdamsinUSA,"Joe and Jill Biden WILL be in attendance for President Trump's inauguration.

I guarantee they voted Trump.",2024/11/26 8:06,243750,10123164,32494,29049,2540,7750,,,https://pbs.twimg.com/profile_banners/91583544/1591900473,83,49,67,60,12,90,43
0,91026,592065,15387,Nick Adams,91583544,48674,NickAdamsinUSA,"President Trump is making a list and he's checking it twice, he's going to find out who gets deported by ICE.",2024/11/26 3:34,242556,10100429,32372,28970,2532,7743,,,https://pbs.twimg.com/profile_banners/91583544/1591900473,76,24,84,13,30,86,28
0,91026,592065,15387,Nick Adams,91583544,48674,NickAdamsinUSA,"I love seeing Christmas decorations already going up across America.

With President Trump's win, Christians finally feel safe to say ""Merry Christmas"" again.

America is turning back to God!",2024/11/25 22:48,241484,10073265,32231,28925,2530,7721,,,https://pbs.twimg.com/profile_banners/91583544/1591900473,62,14,13,13,48,39,46
0,91026,592065,15387,Nick Adams,91583544,48674,NickAdamsinUSA,"The NFL has released a statement informing fans and players there will be no ban of the Trump dance.

The left hates this.",2024/11/25 12:27,240834,10054748,32177,28853,2527,7716,,,https://pbs.twimg.com/profile_banners/91583544/1591900473,87,7,78,13,59,75,9
0,91026,592061,15387,Nick Adams,91583544,48674,NickAdamsinUSA,"Executives within the NFL are reportedly considering banning the Trump YMCA dance celebration.

If this happens, a boycott will be non-negotiable.",2024/11/25 5:22,240711,10048758,32165,28839,2527,7716,,,https://pbs.twimg.com/profile_banners/91583544/1591900473,35,84,35,67,4,25,80
0,91026,592061,15387,Nick Adams,91583544,48674,NickAdamsinUSA,The Trump Dance has taken over the NFL.  https://t.co/Y1p3Rn5M2P,2024/11/25 2:21,239178,10018594,31869,28729,2511,7701,https://pbs.twimg.com/ext_tw_video_thumb/1860848180084027392/pu/img/sspVKx3ex9pNJy46.jpg,,https://pbs.twimg.com/profile_banners/91583544/1591900473,1,46,21,42,95,35,34
0,91026,592061,15387,Nick Adams,91583544,48674,NickAdamsinUSA,"President Trump��s close family friend, Patrick Reed, has won the Hong Kong Open.

Very cool! https://t.co/0wLT1o5IuF",2024/11/24 16:56,238681,10002995,31784,28703,2510,7694,https://pbs.twimg.com/media/GdKjVC5WAAA3O8d.jpg,,https://pbs.twimg.com/profile_banners/91583544/1591900473,38,26,4,17,26,93,78
0,91026,592061,15387,Nick Adams,91583544,48674,NickAdamsinUSA,I am so proud to call Donald J. Trump MY President.,2024/11/23 13:39,238549,9994341,31770,28684,2509,7693,,,https://pbs.twimg.com/profile_banners/91583544/1591900473,46,90,11,3,84,97,21
0,91026,592061,15387,Nick Adams,91583544,48674,NickAdamsinUSA,"I miss Kobe.

I have no doubt he would be so happy to see President Trump back in the White House. https://t.co/z7yIvbxLR1",2024/11/23 9:52,237660,9977111,31679,28630,2507,7691,https://pbs.twimg.com/media/GdD40vuXgAAVA4p.jpg,,https://pbs.twimg.com/profile_banners/91583544/1591900473,36,91,60,8,11,66,37
0,91026,592061,15387,Nick Adams,91583544,48674,NickAdamsinUSA,God chose Trump to save America! https://t.co/ZtY6omlQwd,2024/11/23 2:00,237249,9948127,31647,28596,2505,7687,https://pbs.twimg.com/media/GdCMpSPWkAAC7re.jpg,,https://pbs.twimg.com/profile_banners/91583544/1591900473,62,32,71,22,90,45,87
0,91026,592061,15387,Nick Adams,91583544,48674,NickAdamsinUSA,"President Trump is assembling a DYNAMITE team of rock stars to assist in his efforts to save the country.

Well done, Mr. President. https://t.co/lBx51LgoOy",2024/11/22 14:31,236766,9935804,31545,28500,2502,7682,https://pbs.twimg.com/media/Gc_uJfyXkAAUKUX.jpg,,https://pbs.twimg.com/profile_banners/91583544/1591900473,83,67,29,3,96,19,40
0,91026,592061,15387,Nick Adams,91583544,48674,NickAdamsinUSA,"President Trump, JD Vance, and Elon Musk are three of the highest IQ men to ever live! https://t.co/fWLiDqYW9s",2024/11/22 12:00,236408,9916816,31484,28455,2497,7675,https://pbs.twimg.com/media/Gc_MaBQXkAAo7X_.jpg,,https://pbs.twimg.com/profile_banners/91583544/1591900473,94,38,12,61,55,49,92
0,91026,592061,15387,Nick Adams,91583544,48674,NickAdamsinUSA,"Jameis Winston backed Donald J. Trump for President on November 5th and the Browns beat the Steelers on November 21st.

This is not a coincidence.",2024/11/22 5:14,235982,9903680,31405,28339,2496,7674,,,https://pbs.twimg.com/profile_banners/91583544/1591900473,30,45,42,44,63,95,10
0,91026,592061,15387,Nick Adams,91583544,48674,NickAdamsinUSA,"President Trump may have won the White House, but the work to make sure his agenda is passed has just begun.

Do not forget what the left did last time, they will come back fighting with vengeance.

Never underestimate the passion and determination of communists.",2024/11/22 2:24,235299,9872619,31360,28309,2494,7666,,,https://pbs.twimg.com/profile_banners/91583544/1591900473,30,3,80,1,57,62,99
0,91026,592061,15387,Nick Adams,91583544,48674,NickAdamsinUSA,"Patriots owner Robert Kraft is a 6X Super Bowl winner and was considered a favorite to be inducted into the Hall of Fame this year.

Tragically, the NFL's extreme anti-alpha male bias continues rear its ugly head. Kraft, an open Trump supporter, is being blackballed.

BOYCOTT!",2024/11/22 1:52,235032,9860794,31303,28277,2490,7663,,,https://pbs.twimg.com/profile_banners/91583544/1591900473,67,66,70,22,100,58,9
0,91026,592061,15387,Nick Adams,91583544,48674,NickAdamsinUSA,"President Trump already achieved the impossible by overturning Roe v Wade.

I have total faith he will abolish the IRS, deport 10+ million illegals, and shut down the Dept of Education.

Donald Trump is the closest thing to a miracle worker this earth has seen since Jesus Christ!",2024/11/22 0:44,234577,9845049,31181,28236,2486,7655,,,https://pbs.twimg.com/profile_banners/91583544/1591900473,92,7,26,51,36,69,17
0,91026,592061,15387,Nick Adams,91583544,48674,NickAdamsinUSA,"Justice Clarence Thomas is the perfect choice for US Attorney General.

President Trump would be able to appoint his replacement on the Supreme Court on Day 1.

No one can question his credentials. The left would never recover. https://t.co/T5so4qdGgt",2024/11/21 21:10,234264,9807082,31145,28181,2482,7644,https://pbs.twimg.com/media/Gc8AXWeX0AAm-lz.jpg,,https://pbs.twimg.com/profile_banners/91583544/1591900473,42,74,51,99,84,52,95
0,91026,592061,15387,Nick Adams,91583544,48674,NickAdamsinUSA,"Masculine hard men support Trump.
Effeminate oversoyed men support Democrats.",2024/11/21 21:02,231473,9741946,30468,27896,2430,7608,,,https://pbs.twimg.com/profile_banners/91583544/1591900473,57,31,4,28,4,43,16
0,91026,592061,15387,Nick Adams,91583544,48674,NickAdamsinUSA,"WATCH Senator Josh Hawley expose both Visa and MasterCard for hurting American small businesses. 

President Trump has endorsed a credit card cap.

GET IT DONE! https://t.co/8Z0I3ffUyr",2024/11/20 23:32,231243,9725415,30444,27837,2425,7606,https://pbs.twimg.com/ext_tw_video_thumb/1859378641966141442/pu/img/Z3FGD5foA3kLYPvK.jpg,,https://pbs.twimg.com/profile_banners/91583544/1591900473,97,66,5,31,3,10,46
0,91026,592061,15387,Nick Adams,91583544,48674,NickAdamsinUSA,"Here��s a video of Ginger Gaetz singing God Bless America on the campaign trail for President Trump. 

Our next Attorney General, Matt Gaetz, is one lucky man! https://t.co/LOxVhFqPtt",2024/11/20 21:08,230698,9709609,30308,27815,2417,7592,https://pbs.twimg.com/amplify_video_thumb/1859342822064668672/img/Ersi8bjeXVKe_Hmh.jpg,,https://pbs.twimg.com/profile_banners/91583544/1591900473,40,88,82,61,5,99,92
0,91026,592061,15387,Nick Adams,91583544,48674,NickAdamsinUSA,"President Trump would have won multiple
Major Championships if he had pursued professional golf.

Love seeing his granddaughter carry on the great Trump family tradition of posting low scores! https://t.co/NmKjqab2qw",2024/11/20 15:32,229847,9687646,30166,27776,2415,7579,https://pbs.twimg.com/amplify_video_thumb/1859239904015781888/img/pv8HLwjuShq-iqwW.jpg,,https://pbs.twimg.com/profile_banners/91583544/1591900473,9,82,47,48,9,87,28
0,91026,592061,15387,Nick Adams,91583544,48674,NickAdamsinUSA,Even George Clooney and Brad Pitt have come around to embrace President Trump��s iconic dance! https://t.co/Ag43OvRoXQ,2024/11/20 15:13,229516,9670472,30126,27756,2414,7567,https://pbs.twimg.com/amplify_video_thumb/1859074690758631424/img/tSa6wtqmlL5sH7XM.jpg,,https://pbs.twimg.com/profile_banners/91583544/1591900473,74,34,65,54,74,31,23
0,91026,592061,15387,Nick Adams,91583544,48674,NickAdamsinUSA,Let me know if you've been with President Trump since the very beginning! https://t.co/vNbrRqaPXr,2024/11/20 12:00,229208,9629855,30096,27719,2410,7544,https://pbs.twimg.com/media/Gc05M0BXsAAlbvK.jpg,,https://pbs.twimg.com/profile_banners/91583544/1591900473,94,81,54,55,62,19,68
0,91026,592061,15387,Nick Adams,91583544,48674,NickAdamsinUSA,"President Trump has tapped former WWE CEO Linda McMahon to be the next Secretary of Education.

I love Trump��s America.
 https://t.co/ZSanZUO520",2024/11/20 8:04,227404,9607761,29940,27459,2398,7541,https://pbs.twimg.com/ext_tw_video_thumb/1859045982597529600/pu/img/-nT0DU822Kidg3Te.jpg,,https://pbs.twimg.com/profile_banners/91583544/1591900473,64,27,79,65,15,0,56
0,91026,592061,15387,Nick Adams,91583544,48674,NickAdamsinUSA,"I lost donor support because of my activism focused on mobilizing the youth male vote for President Trump.

People thought I was crazy and should focus more on the traditional demographics.

I was determined to continue on my mission because I saw the results on the ground every",2024/11/20 4:48,225897,9509818,29690,27372,2376,7451,,,https://pbs.twimg.com/profile_banners/91583544/1591900473,33,92,51,98,65,37,37
0,91026,592061,15387,Nick Adams,91583544,48674,NickAdamsinUSA,Donald Trump fights for the American people. That's why the left hates him! https://t.co/kW4toqfYkb,2024/11/20 2:00,225646,9495927,29666,27335,2376,7444,https://pbs.twimg.com/media/Gcyv3DUXkAAsmXx.jpg,,https://pbs.twimg.com/profile_banners/91583544/1591900473,82,20,41,85,22,76,73
0,91026,592061,15387,Nick Adams,91583544,48674,NickAdamsinUSA,"I��m a legal immigrant and best selling author endorsed by President Donald Trump.

Now, I��m a Presidential Appointee working daily to support Trump��s America First agenda.

I��m an entrepreneur who has traveled all around the world and speaks three languages fluently.

Join me. https://t.co/3jjQzfO5i8",2024/11/19 19:20,225422,9486586,29630,27304,2373,7442,https://pbs.twimg.com/media/GcxUT2RWQAAP_vP.jpg,,https://pbs.twimg.com/profile_banners/91583544/1591900473,42,67,39,57,33,43,94
0,91026,592061,15387,Nick Adams,91583544,48674,NickAdamsinUSA,"Everyone loves President Trump and they��re no longer hiding it.

American Soccer phenom Christian Pulisic does the Trump YMCA dance after scoring a goal.
 https://t.co/Fe0MkiaPbo",2024/11/19 4:19,224842,9462731,29570,27183,2369,7434,https://pbs.twimg.com/media/GctdYDlWAAA2APz.jpg,,https://pbs.twimg.com/profile_banners/91583544/1591900473,35,46,11,89,13,45,87
0,91026,592061,15387,Nick Adams,91583544,48674,NickAdamsinUSA,"I've added about 20k followers over the past 14 days.

Great, let me reintroduce myself.

-I'm an outspoken Christian
-I have supported Trump since day 1
-My books are endorsed by President Trump
-I'm a Presidential Appointee
-I'm an alpha male

Let's make America great again! https://t.co/7OnxSKhwPf",2024/11/19 1:39,224327,9446300,29490,27157,2366,7419,https://pbs.twimg.com/media/GcthhsUW4AEtcIn.jpg,,https://pbs.twimg.com/profile_banners/91583544/1591900473,95,15,3,18,51,20,35
0,91026,592061,15387,Nick Adams,91583544,48674,NickAdamsinUSA,"""YMCA"" has become the number 1 requested song at weddings around the world.

Trillions of people around the world are drawn to imitate President Trump's iconic dance whenever music is being played.",2024/11/19 1:18,222996,9393998,29380,26967,2358,7404,,,https://pbs.twimg.com/profile_banners/91583544/1591900473,37,36,83,17,62,59,78
0,91026,592061,15387,Nick Adams,91583544,48674,NickAdamsinUSA,"I don't think most Americans understand how important President Trump is and how lucky we are to have him.

The 45th and 47th President of the United States is a once-in-a-generation leader who was sent here by God to save the country.

There is no other rational explanation.",2024/11/18 1:26,221465,9365420,29088,26891,2353,7386,,,https://pbs.twimg.com/profile_banners/91583544/1591900473,21,96,97,78,49,45,94
0,91026,592061,15387,Nick Adams,91583544,48674,NickAdamsinUSA,"The morale of the country has never been better thanks to President Trump's victory.

Everywhere I go people are wishing me a Merry Christmas and thanking me for the work I did to help President Trump secure the Oval Office.

It's a great time to be alive!",2024/11/17 22:49,220165,9342933,28838,26777,2345,7379,,,https://pbs.twimg.com/profile_banners/91583544/1591900473,3,41,10,83,13,81,59
0,91026,592061,15387,Nick Adams,91583544,48674,NickAdamsinUSA,"Wearing a mask in 2024 is bizarre, what could anyone be worried about?!

President Trump is almost back in the Oval Office.",2024/11/17 10:39,219763,9329502,28778,26738,2344,7377,,,https://pbs.twimg.com/profile_banners/91583544/1591900473,9,69,80,24,9,56,71
0,91026,592061,15387,Nick Adams,91583544,48674,NickAdamsinUSA,"President Trump is the champion of the world!
https://t.co/M1zFQUnOVK",2024/11/17 8:06,219565,9317716,28759,26691,2344,7372,https://pbs.twimg.com/amplify_video_thumb/1858037168188399616/img/d1DpCgfY6f3Or_3s.jpg,,https://pbs.twimg.com/profile_banners/91583544/1591900473,85,76,91,84,1,94,17
0,91026,592061,15387,Nick Adams,91583544,48674,NickAdamsinUSA,President Trump is a trendsetter. https://t.co/3zOmWfy9Un,2024/11/17 6:43,218787,9299029,28639,26654,2340,7348,https://pbs.twimg.com/ext_tw_video_thumb/1858033235176857600/pu/img/YtghqzGtHEcvX6Fn.jpg,,https://pbs.twimg.com/profile_banners/91583544/1591900473,43,71,6,12,83,88,99
0,91026,592061,15387,Nick Adams,91583544,48674,NickAdamsinUSA,"President Trump is the Alpha King.
https://t.co/5l5PBCojdZ",2024/11/17 4:04,218193,9281162,28575,26631,2335,7337,https://pbs.twimg.com/media/GcjgWI8XAAA0JCI.jpg,,https://pbs.twimg.com/profile_banners/91583544/1591900473,73,82,61,80,61,4,86
0,91026,592061,15387,Nick Adams,91583544,48674,NickAdamsinUSA,"President Trump will be attending UFC 309 tonight.

I cannot wait to see the crowd's reaction to his entrance flanked with alpha male Dana White by his side.",2024/11/16 23:46,217835,9268904,28537,26609,2335,7331,,,https://pbs.twimg.com/profile_banners/91583544/1591900473,91,6,5,8,94,40,1
0,91026,592061,15387,Nick Adams,91583544,48674,NickAdamsinUSA,President Trump is going to win so much we are going to get sick and tired of winning!,2024/11/16 19:04,217478,9253702,28495,26573,2333,7327,,,https://pbs.twimg.com/profile_banners/91583544/1591900473,77,4,51,28,94,37,84
0,91026,592061,15387,Nick Adams,91583544,48674,NickAdamsinUSA,Thanksgiving is a time to be thankful for President Trump's return! https://t.co/TXXlKT9uTT,2024/11/15 20:56,217310,9241742,28476,26533,2332,7326,https://pbs.twimg.com/media/GcdD8DCXcAAsFb5.jpg,,https://pbs.twimg.com/profile_banners/91583544/1591900473,75,69,51,57,40,30,49
0,91026,592061,15387,Nick Adams,91583544,48674,NickAdamsinUSA,The next four years under President Trump will be the GOLDEN AGE for America.,2024/11/14 22:25,216868,9210723,28424,26496,2329,7310,,,https://pbs.twimg.com/profile_banners/91583544/1591900473,49,83,64,91,74,15,15
0,91026,592061,15387,Nick Adams,91583544,48674,NickAdamsinUSA,"Whoopi Goldberg has decided to go on a sex strike in response to President Trump's election victory.

Who does this impact?",2024/11/14 21:14,216538,9199265,28388,26448,2328,7308,,,https://pbs.twimg.com/profile_banners/91583544/1591900473,11,69,94,42,36,66,58
0,91026,592061,15387,Nick Adams,91583544,48674,NickAdamsinUSA,God bless Donald Trump! https://t.co/sv5djCP97r,2024/11/14 2:00,216154,9173583,28357,26264,2321,7303,https://pbs.twimg.com/media/GcT2TaPWsAAtYwh.jpg,,https://pbs.twimg.com/profile_banners/91583544/1591900473,88,7,8,72,7,94,18
0,91026,592061,15387,Nick Adams,91583544,48674,NickAdamsinUSA,"""There's no question Matt Gaetz and I have our differences, but I also trust President Trump's decision making.""

It sounds like Senator Markwayne Mullin is open to voting in favor of Attorney General Gaetz! https://t.co/w6MVleAgJW",2024/11/13 23:47,215867,9160983,28314,26211,2319,7300,https://pbs.twimg.com/ext_tw_video_thumb/1856845969645588480/pu/img/8RE2sVtKNK-a4tms.jpg,,https://pbs.twimg.com/profile_banners/91583544/1591900473,46,69,78,83,84,22,34
0,91026,592061,15387,Nick Adams,91583544,48674,NickAdamsinUSA,"Tulsi Gabbard was born to be the Director of National Intelligence (DNI). I could not think of a better person for the job.

Well done, President Trump! https://t.co/gO0ALhYmCx",2024/11/13 22:00,214701,9116826,28170,26168,2316,7287,https://pbs.twimg.com/media/GcS_g9rWcAAVLTQ.jpg,,https://pbs.twimg.com/profile_banners/91583544/1591900473,17,11,40,1,100,42,79
0,91026,592065,15387,Nick Adams,91583544,48674,NickAdamsinUSA,"President Trump's 2nd Administration is going to be based.

AG: Matt Gaetz
SoS: Marco Rubio
DNI: Tulsi Gabbard
DHS: Kristi Noem
Defense: Pete Hegseth
CIA: John Ratcliffe
EPA: Lee Zeldin
UN: Elise Stefanik
Border Czar: Tom Homan
NSA: Michael Waltz
DOGE: Elon Musk &amp; Vivek Ramaswamy",2024/11/13 21:50,214132,9106278,28092,26143,2315,7283,,,https://pbs.twimg.com/profile_banners/91583544/1591900473,97,36,40,5,19,59,93
0,91026,592065,15387,Nick Adams,91583544,48674,NickAdamsinUSA,"Matt Gaetz as United States Attorney General will be one of the greatest things to ever happen to this country.

President Trump is knocking his second administration picks out of the park!",2024/11/13 20:39,213646,9088181,27990,26093,2311,7260,,,https://pbs.twimg.com/profile_banners/91583544/1591900473,25,83,77,81,35,91,19
0,91026,592065,15387,Nick Adams,91583544,48674,NickAdamsinUSA,"Senator Thune says he is committed to pushing through President Trump's America First agenda.

It will be up to the people to stay vigilant and hold our Senators accountable.

I will be calling mine on a regular basis asking for status updates.

We have a country to save.",2024/11/13 18:48,212855,9070909,27871,26034,2309,7257,,,https://pbs.twimg.com/profile_banners/91583544/1591900473,68,31,90,17,74,45,77
0,91026,592065,15387,Nick Adams,91583544,48674,NickAdamsinUSA,"Republican voters gave President Trump a mandate and they wanted Rick Scott to be the Senate Majority Leader.

It's unfortunate to see Washington, DC continue to put the interests of the American people last.",2024/11/13 18:37,212492,9056135,27784,25996,2301,7255,,,https://pbs.twimg.com/profile_banners/91583544/1591900473,64,79,47,97,29,30,73
0,91026,592065,15387,Nick Adams,91583544,48674,NickAdamsinUSA,"After everything he��s been through over the last four years, President Trump deserves the smoothest transition. https://t.co/lCfbSKZ8tc",2024/11/13 16:43,212002,9044136,27649,25981,2298,7252,https://pbs.twimg.com/media/GcR21f2XwAAQ2UB.jpg,,https://pbs.twimg.com/profile_banners/91583544/1591900473,59,90,50,85,56,98,35
0,91026,592065,15387,Nick Adams,91583544,48674,NickAdamsinUSA,"When Marco Rubio is confirmed as President Trump's Secretary of State, Ron DeSantis will appoint his replacement. Who is your top choice? https://t.co/PRMwDQOqKL",2024/11/13 2:00,211676,9033172,27621,25936,2298,7248,https://pbs.twimg.com/media/GcOssvBW0AA55kb.jpg,,https://pbs.twimg.com/profile_banners/91583544/1591900473,54,50,87,22,31,87,4
0,91026,592065,15387,Nick Adams,91583544,48674,NickAdamsinUSA,"Imagine if all the Hollywood stars and far left liberals followed through on their promises to leave if Trump won -- we'd solve the housing crisis.

The American people would not miss Keith Olbermann, Bette Midler, Samuel L. Jackson, Cher, or Whoopi Goldberg! https://t.co/k5PoOOOXZd",2024/11/13 1:26,211457,9008660,27596,25775,2293,7243,https://pbs.twimg.com/ext_tw_video_thumb/1856507582074028032/pu/img/Apd-1WhRCAYWiAPH.jpg,,https://pbs.twimg.com/profile_banners/91583544/1591900473,84,4,46,32,32,89,89
0,91026,592065,15387,Nick Adams,91583544,48674,NickAdamsinUSA,"Congratulations to my friend @PeteHegseth on being named United States Secretary of Defense by President Trump.

This might be President Trump's best pick yet!",2024/11/13 0:16,210788,8976096,27466,25721,2288,7230,,,https://pbs.twimg.com/profile_banners/91583544/1591900473,100,2,74,53,54,56,100
0,91026,592065,15387,Nick Adams,91583544,48674,NickAdamsinUSA,"EXIT POLLS: 40% of women under the age of 30 DUMPED Kamala Harris for President Trump 

Great job, ladies!",2024/11/12 0:18,209972,8957920,27402,25696,2287,7226,,,https://pbs.twimg.com/profile_banners/91583544/1591900473,5,0,4,27,22,16,3
0,91026,592065,15387,Nick Adams,91583544,48674,NickAdamsinUSA,"Susie Wiles - White House Chief of Staff
Stephen Miller - Deputy Chief of Staff
Tom Homan - Border Czar
Elise Stefanik - UN Ambassador
Lee Zeldin - EPA Secretary 
Mike Waltz - National Security Advisor

President Trump is not messing around. He is building the A-Team.",2024/11/12 0:12,208722,8938065,27277,25678,2281,7219,,,https://pbs.twimg.com/profile_banners/91583544/1591900473,0,85,92,53,81,20,21
0,91026,592065,15387,Nick Adams,91583544,48674,NickAdamsinUSA,Let President Trump COOK! https://t.co/TG5Lco1en2,2024/11/11 23:08,206119,8881627,26765,25569,2265,7132,https://pbs.twimg.com/media/GcI7x6LWQAAUFKe.jpg,,https://pbs.twimg.com/profile_banners/91583544/1591900473,98,36,34,67,93,3,95
0,91026,592065,15387,Nick Adams,91583544,48674,NickAdamsinUSA,"President Trump has appointed Stephen Miller as his Deputy Chief of Staff for Policy.

Another great choice from the President, term two is off to a great start!",2024/11/11 18:44,205888,8869114,26737,25549,2265,7130,,,https://pbs.twimg.com/profile_banners/91583544/1591900473,9,76,65,39,51,41,38
0,91026,592065,15387,Nick Adams,91583544,48674,NickAdamsinUSA,No President in history has done more for veterans than Trump. Period. https://t.co/wgqDmzLk0S,2024/11/11 12:00,205554,8855977,26683,25518,2262,7127,https://pbs.twimg.com/media/GcGi5BKWIAAdw6Y.jpg,,https://pbs.twimg.com/profile_banners/91583544/1591900473,27,13,88,71,20,62,85
0,91026,592065,15387,Nick Adams,91583544,48674,NickAdamsinUSA,President Trump hasn't even taken office yet and the steaks are already bigger!,2024/11/11 0:11,205065,8844910,26579,25460,2258,7124,,,https://pbs.twimg.com/profile_banners/91583544/1591900473,89,48,12,88,59,25,46
0,91026,592065,15387,Nick Adams,91583544,48674,NickAdamsinUSA,"President Trump's victory represents the greatest story of perseverance in human history, and he's just getting started! https://t.co/K4981ZKPQn",2024/11/10 23:07,204414,8804776,26531,25436,2255,7120,https://pbs.twimg.com/ext_tw_video_thumb/1855747917849481216/pu/img/giuCUgKSlcu7QgjD.jpg,,https://pbs.twimg.com/profile_banners/91583544/1591900473,78,25,35,2,52,55,24
0,91026,592065,15387,Nick Adams,91583544,48674,NickAdamsinUSA,MAGA patriot Nick Bosa just gave the NFL and Roger Goodell a giant middle finger by hitting the Trump dance after racking up a HUGE sack! https://t.co/kalqu2xu0I,2024/11/10 21:26,203529,8738114,26380,25363,2250,7089,https://pbs.twimg.com/amplify_video_thumb/1855711089909989376/img/Rco1NuXcboijVbEX.jpg,,https://pbs.twimg.com/profile_banners/91583544/1591900473,74,67,28,94,19,33,9
0,91026,592065,15387,Nick Adams,91583544,48674,NickAdamsinUSA,"President Trump turned his head.

Not because of a chart on a screen.

The truth, he heard the voice of an old friend, and couldn't bear not to look. https://t.co/nMjdzEfEUu",2024/11/10 21:24,202087,8674199,26201,25319,2232,7064,https://pbs.twimg.com/media/GcDaXwyacAAqh9r.jpg,,https://pbs.twimg.com/profile_banners/91583544/1591900473,28,46,94,40,11,13,53
0,91026,592065,15387,Nick Adams,91583544,48674,NickAdamsinUSA,Wayne Gretzky spotted at Mar-a-Lago celebrating President Trump��s landslide victory! https://t.co/FM28V2x46G,2024/11/10 16:06,201233,8639852,26111,25298,2228,7048,https://pbs.twimg.com/media/GcCRlmzWEAAJZTK.jpg,,https://pbs.twimg.com/profile_banners/91583544/1591900473,82,3,75,77,20,24,60
0,91026,592065,15387,Nick Adams,91583544,48674,NickAdamsinUSA,"Trump won all the swing states in 2024.

Received even more votes than he received in 2020, and that had been a record.

But in 2024, Kamala got almost 12 million votes less.

Either 12 million people decided to not vote in 2024��

Or 

TRUMP WAS RIGHT ABOUT THE RIGGED ELECTION.",2024/11/10 15:12,199762,8592801,26025,25261,2221,7031,,,https://pbs.twimg.com/profile_banners/91583544/1591900473,26,57,23,42,45,37,65
0,91026,592065,15387,Nick Adams,91583544,48674,NickAdamsinUSA,"Las Vegas is lit up in Red, White, and Blue in honor of President Trump ��s landslide victory. https://t.co/lbrK8WlbKm",2024/11/10 7:29,199303,8579298,25910,25224,2219,7019,https://pbs.twimg.com/media/GcAbNqHagAAQ9DN.jpg,,https://pbs.twimg.com/profile_banners/91583544/1591900473,12,77,74,75,38,77,56
0,91026,592065,15387,Nick Adams,91583544,48674,NickAdamsinUSA,Should President Trump be granted a special exemption to the 22nd Amendment since the Democrats treated him so unfairly? https://t.co/zN20KvUngz,2024/11/10 1:59,195839,8550374,25469,25188,2209,6990,https://pbs.twimg.com/media/Gb_Pzo-X0AA1znq.jpg,,https://pbs.twimg.com/profile_banners/91583544/1591900473,6,37,78,44,8,82,56
0,91026,592065,15387,Nick Adams,91583544,48674,NickAdamsinUSA,Hearing reports that President Trump has convinced the Cleveland Indians to bring back Chief Wahoo! https://t.co/KE3avIF8l2,2024/11/9 21:01,194648,8503088,25316,24705,2179,6971,https://pbs.twimg.com/media/Gb-LhLyWgAAK_nF.jpg,,https://pbs.twimg.com/profile_banners/91583544/1591900473,7,93,40,17,71,22,6
0,91026,592065,15387,Nick Adams,91583544,48674,NickAdamsinUSA,Should President Trump be allowed a special exemption to the 22nd Amendment so he can serve a third term? https://t.co/dzqq1lNlFn,2024/11/9 13:45,193553,8446007,25222,24656,2168,6949,https://pbs.twimg.com/media/Gb8nt9UXoAAYQby.jpg,,https://pbs.twimg.com/profile_banners/91583544/1591900473,83,49,67,60,12,90,43
0,91026,592065,15387,Nick Adams,91583544,48674,NickAdamsinUSA,President Trump should FIRE Mark Milley on January 20th! https://t.co/AwgcusIuoD,2024/11/9 12:00,185933,8262908,24311,21157,1976,6888,https://pbs.twimg.com/media/Gb8PrOXX0AAPDDt.jpg,,https://pbs.twimg.com/profile_banners/91583544/1591900473,76,24,84,13,30,86,28
0,91026,592065,15387,Nick Adams,91583544,48674,NickAdamsinUSA,"I think it's time for the PGA of America to give Trump Bedminster another look.

It was wrong to change the location of the 2022 PGA Championship because of January 6th and the results of the 2024 election confirm that.

President Trump deserves to host a Major Championship.",2024/11/9 0:14,133595,7740408,18064,9534,1051,6729,,,https://pbs.twimg.com/profile_banners/91583544/1591900473,62,14,13,13,48,39,46
0,91026,592065,15387,Nick Adams,91583544,48674,NickAdamsinUSA,"Apparently women across America are shaving their heads and going on ""sex strikes"" until President Trump is out of office.

And they wonder why more men are choosing to be single than ever before.",2024/11/8 16:53,133200,7721468,17998,9504,1049,6724,,,https://pbs.twimg.com/profile_banners/91583544/1591900473,87,7,78,13,59,75,9
0,91026,592065,15387,Nick Adams,91583544,48674,NickAdamsinUSA,"Trump won.
God won.
America won.",2024/11/8 13:22,132788,7705158,17949,9406,1044,6720,,,https://pbs.twimg.com/profile_banners/91583544/1591900473,35,84,35,67,4,25,80
0,91026,592065,15387,Nick Adams,91583544,48674,NickAdamsinUSA,The boys love Trump! https://t.co/eICiukEAQP,2024/11/8 12:41,131933,7689268,17854,9353,1042,6716,https://pbs.twimg.com/amplify_video_thumb/1854718985582870540/img/OUDnQx9dJrmxlxeh.jpg,,https://pbs.twimg.com/profile_banners/91583544/1591900473,1,46,21,42,95,35,34
0,91026,592065,15387,Nick Adams,91583544,48674,NickAdamsinUSA,"Any public university canceling class because of President Trump's election should lose their federal funding immediately.

Absolutely pathetic.",2024/11/8 12:06,130979,7662559,17701,9325,1032,6685,,,https://pbs.twimg.com/profile_banners/91583544/1591900473,38,26,4,17,26,93,78
0,91026,592065,15387,Nick Adams,91583544,48674,NickAdamsinUSA,"A behind the scenes look at how President Trump tweets.

This is pure gold.
https://t.co/sbdYI7De70",2024/11/8 11:58,127204,7629272,17170,9254,1016,6669,https://pbs.twimg.com/ext_tw_video_thumb/1851418048567119872/pu/img/O-SBayzWur-tZI0A.jpg,,https://pbs.twimg.com/profile_banners/91583544/1591900473,46,90,11,3,84,97,21
0,91026,592065,15387,Nick Adams,91583544,48674,NickAdamsinUSA,"Gavin Newsom has called a special session in California to ""Trump-Proof"" the state.

I guess that means all of the Californians on unemployment won't have to worry about gainful employment anytime soon.",2024/11/8 11:44,123647,7443325,16571,9182,971,6246,,,https://pbs.twimg.com/profile_banners/91583544/1591900473,36,91,60,8,11,66,37
0,91026,592065,15387,Nick Adams,91583544,48674,NickAdamsinUSA,Lamar Jackson just gave Joe Burrow a lesson in why you always Truzz Trump.,2024/11/8 4:35,123453,7431532,16539,9159,969,6244,,,https://pbs.twimg.com/profile_banners/91583544/1591900473,62,32,71,22,90,45,87
0,91026,592065,15387,Nick Adams,91583544,48674,NickAdamsinUSA,"America is so lucky.

We are going to have 4 more years of Trump White House Press Conferences.

The President makes saving America fun!",2024/11/8 0:47,122675,7380572,16497,9140,968,6230,,,https://pbs.twimg.com/profile_banners/91583544/1591900473,83,67,29,3,96,19,40
0,91026,592065,15387,Nick Adams,91583544,48674,NickAdamsinUSA,"MARK CUBAN: President Trump doesn't surround himself with strong and intelligent women

DONALD TRUMP: Hires the first ever female White House Chief of Staff in Susie Wiles https://t.co/cLtDZiY0VP",2024/11/8 0:02,122337,7367701,16464,9119,967,6226,https://pbs.twimg.com/media/Gb0h4FNX0BE0TPQ.jpg,,https://pbs.twimg.com/profile_banners/91583544/1591900473,94,38,12,61,55,49,92
0,91026,592065,15387,Nick Adams,91583544,48674,NickAdamsinUSA,President Trump is the most pro-woman president in history! https://t.co/4YdRddpGC2,2024/11/7 22:54,121057,7346885,16240,9064,960,6218,https://pbs.twimg.com/media/Gb0SVaebwAAY4Yt.jpg,,https://pbs.twimg.com/profile_banners/91583544/1591900473,30,45,42,44,63,95,10
0,91026,592065,15387,Nick Adams,91583544,48674,NickAdamsinUSA,"Susie Wiles will make a tremendous Chief of Staff for President Trump.

Our President-elect is off to a great start with his next Administration!",2024/11/7 22:49,120792,7336128,16196,9041,958,6216,,,https://pbs.twimg.com/profile_banners/91583544/1591900473,30,3,80,1,57,62,99
0,91026,592065,15387,Nick Adams,91583544,48674,NickAdamsinUSA,"Jimmy Kimmel can't even get through his monologue without crying over President Trump��s landslide victory. 

Beta male.https://t.co/KFLZhRmX0L",2024/11/7 22:26,120445,7324011,16164,9028,957,6212,https://pbs.twimg.com/amplify_video_thumb/1854486571606536192/img/NFhpPLEwqoFdV8_W.jpg,,https://pbs.twimg.com/profile_banners/91583544/1591900473,67,66,70,22,100,58,9
0,91026,592065,15387,Nick Adams,91583544,48674,NickAdamsinUSA,"Leave America like you promised you would if Trump won, Rosie. 

And don't let the door hit you on your way out! https://t.co/npMHkpOou4",2024/11/7 22:22,120083,7303648,16130,8896,951,6201,https://pbs.twimg.com/media/Gb0K5SobEAA6H2Z.jpg,,https://pbs.twimg.com/profile_banners/91583544/1591900473,92,7,26,51,36,69,17
0,91026,592065,15387,Nick Adams,91583544,48674,NickAdamsinUSA,Angry women break their TV to protest Donald Trump��s 2024 election win. https://t.co/wvaULVPVX9,2024/11/7 22:09,119692,7289714,16062,8805,946,6199,https://pbs.twimg.com/ext_tw_video_thumb/1854557737474039831/pu/img/n4Rzx51PvvKoRYko.jpg,,https://pbs.twimg.com/profile_banners/91583544/1591900473,42,74,51,99,84,52,95
0,91026,592065,15387,Nick Adams,91583544,48674,NickAdamsinUSA,"Watching the left throw temper tantrums and cry about President Trump winning an election tells you everything you need to know about our education system.

Our schools are clearly not teaching the Constitution, Federalist Papers, or Declaration of Independence.",2024/11/7 21:25,119381,7257261,16032,8662,926,6184,,,https://pbs.twimg.com/profile_banners/91583544/1591900473,57,31,4,28,4,43,16
0,91026,592065,15387,Nick Adams,91583544,48674,NickAdamsinUSA,"FIREWORKS in the White House briefing room between Jacqui Heinrich and Karine Jean-Pierre today.

""This administration messaged to millions of Americans that they're going to wake up the day after the election if Trump won and have their rights stripped away, that Democracy would https://t.co/Ph2wPmwKjt",2024/11/7 20:16,119060,7246459,15973,8638,924,6176,https://pbs.twimg.com/ext_tw_video_thumb/1854618218020630540/pu/img/BAvt5OMzuFVSwF5j.jpg,,https://pbs.twimg.com/profile_banners/91583544/1591900473,97,66,5,31,3,10,46
0,91026,592065,15387,Nick Adams,91583544,48674,NickAdamsinUSA,Donald J. Trump is the most beloved President since George Washington! https://t.co/mGWExpimtU,2024/11/7 20:06,82871,3577516,11380,6683,520,1125,https://pbs.twimg.com/media/Gbzrp6mWYAgpubR.jpg,,https://pbs.twimg.com/profile_banners/91583544/1591900473,40,88,82,61,5,99,92
0,91026,592065,15387,Nick Adams,91583544,48674,NickAdamsinUSA,The Alpha Male Generation turned out for President Trump in a major way!,2024/11/7 19:59,82658,3564404,11366,6668,517,1119,,,https://pbs.twimg.com/profile_banners/91583544/1591900473,9,82,47,48,9,87,28
0,91026,592065,15387,Nick Adams,91583544,48674,NickAdamsinUSA,President Trump is going to end the wars Joe Biden's weakness helped start. https://t.co/kgWFoM59Dg,2024/11/7 19:52,81884,3437563,11318,6641,514,1111,https://pbs.twimg.com/ext_tw_video_thumb/1854612752330825743/pu/img/VESJ_bieQh5HRj3S.jpg,,https://pbs.twimg.com/profile_banners/91583544/1591900473,74,34,65,54,74,31,23
0,91026,592065,15387,Nick Adams,91583544,48674,NickAdamsinUSA,"This Kamala Harris supporter was arrested with a hate crime for attacking these two cheerful Hispanic female Trump supporters.

Justice is served! https://t.co/qlBCvvacE0",2024/11/7 17:31,81686,3423876,11292,6619,513,1103,https://pbs.twimg.com/media/GbzH_CnXkBYG4mL.jpg,,https://pbs.twimg.com/profile_banners/91583544/1591900473,94,81,54,55,62,19,68
0,91026,592065,15387,Nick Adams,91583544,48674,NickAdamsinUSA,"Biden is CLEARLY the happiest man in America right now.

And he definitely voted for Trump. 

You will never change my mind on this.",2024/11/7 16:34,81331,3413814,11218,6600,511,1096,,,https://pbs.twimg.com/profile_banners/91583544/1591900473,64,27,79,65,15,0,56
0,91026,592065,15387,Nick Adams,91583544,48674,NickAdamsinUSA,"I was proud and honored to help lead a movement of masculine men for President Trump.

Regular guys are sick and tired of the Democrats demonizing their existence and telling them to take a back seat.

Real hard men want their country and freedom back, they want Trump back.",2024/11/7 3:32,80915,3396811,11190,6567,506,1093,,,https://pbs.twimg.com/profile_banners/91583544/1591900473,33,92,51,98,65,37,37
0,91026,592065,15387,Nick Adams,91583544,48674,NickAdamsinUSA,"When all of this is over, I would love to see a statue of President Donald J. Trump erected on the National Mall.

The statue should be large enough to be seen by those flying into DCA and it should commemorate the failed assassination attempt and response that unified a nation.",2024/11/7 3:09,80324,3372005,11126,6529,502,1088,,,https://pbs.twimg.com/profile_banners/91583544/1591900473,82,20,41,85,22,76,73
0,91026,592065,15387,Nick Adams,91583544,48674,NickAdamsinUSA,President Trump is going to make it okay to be a masculine Christian male in America again.,2024/11/7 2:52,79862,3354837,11025,6468,499,1078,,,https://pbs.twimg.com/profile_banners/91583544/1591900473,42,67,39,57,33,43,94
0,91026,592065,15387,Nick Adams,91583544,48674,NickAdamsinUSA,"Welcome back, Melania Trump! https://t.co/xfLUqjdJd4",2024/11/7 1:59,78802,3330533,10919,6408,493,1069,https://pbs.twimg.com/media/GbvzCMzXQAQMKCm.jpg,,https://pbs.twimg.com/profile_banners/91583544/1591900473,35,46,11,89,13,45,87
0,91026,592065,15387,Nick Adams,91583544,48674,NickAdamsinUSA,"America's 250th Birthday will be hosted by President Donald Trump.

The party should be held at Mar-a-Lago!",2024/11/7 1:46,77811,3314828,10801,6375,491,1062,,,https://pbs.twimg.com/profile_banners/91583544/1591900473,95,15,3,18,51,20,35
0,91026,592065,15387,Nick Adams,91583544,48674,NickAdamsinUSA,"President Trump's victory was a mandate from the American people to enact his America first agenda.

It's time for Congress to finally do something.",2024/11/6 22:12,77412,3299613,10763,6353,490,1056,,,https://pbs.twimg.com/profile_banners/91583544/1591900473,37,36,83,17,62,59,78
0,91026,592065,15387,Nick Adams,91583544,48674,NickAdamsinUSA,"""Nothing has ever failed as hard in politics as the never Trump complex. I don't think they accomplished anything except probably build a bunch of beach houses.""

Scott Jennings demolishes the never-Trump movement on CNN panel. https://t.co/9xhS9Or8eW",2024/11/6 20:32,77195,3286770,10738,6335,489,1054,https://pbs.twimg.com/ext_tw_video_thumb/1854259855160156163/pu/img/R6AsnYs5YoY6_LMG.jpg,,https://pbs.twimg.com/profile_banners/91583544/1591900473,21,96,97,78,49,45,94
0,91026,592065,15387,Nick Adams,91583544,48674,NickAdamsinUSA,"Jack Smith is in talks with the DOJ to end his Trump cases. Crazy how that happens.

Should Jack Smith face jailtime?",2024/11/6 18:55,76454,3237415,10610,6314,486,1007,,,https://pbs.twimg.com/profile_banners/91583544/1591900473,3,41,10,83,13,81,59
0,91026,592065,15387,Nick Adams,91583544,48674,NickAdamsinUSA,"BREAKING NEWS:

Kamala Harris has officially conceded the 2024 election, former President Donald J. Trump is now the President-elect. https://t.co/5BDZFljXcP",2024/11/6 18:49,75479,3213801,10504,6164,481,1005,https://pbs.twimg.com/ext_tw_video_thumb/1854234471488233480/pu/img/AEd8RKsKkGirbilU.jpg,,https://pbs.twimg.com/profile_banners/91583544/1591900473,9,69,80,24,9,56,71
0,91026,592065,15387,Nick Adams,91583544,48674,NickAdamsinUSA,"If anyone you know is upset about President Trump��s victory, please suggest they donate whatever money they made in the stock market today to immigrant groups, needy families, or abortion clinics.",2024/11/6 18:35,74538,3169815,10332,6132,466,963,,,https://pbs.twimg.com/profile_banners/91583544/1591900473,85,76,91,84,1,94,17
0,91026,592065,15387,Nick Adams,91583544,48674,NickAdamsinUSA,"Taylor Swift broke down in tears on live television the moment the race was called for President Trump.

Looks like Taylor was wrong about a guy again! https://t.co/yz5tixW8AS",2024/11/6 16:06,74329,3148426,10297,6103,464,958,https://pbs.twimg.com/media/GbtrNVTXEAUCgAD.jpg,,https://pbs.twimg.com/profile_banners/91583544/1591900473,43,71,6,12,83,88,99
0,91026,592065,15387,Nick Adams,91583544,48674,NickAdamsinUSA,"After 2020, every establishment consultant was harping that the GOP needs to appeal to suburban women at all costs.

I disagreed.

I saw young men as the path to a third Trump victory and took action.

I spent the last three and a half years laser focused on winning the young men",2024/11/6 15:44,73509,3099538,10199,6008,448,941,,,https://pbs.twimg.com/profile_banners/91583544/1591900473,73,82,61,80,61,4,86
0,91026,592065,15387,Nick Adams,91583544,48674,NickAdamsinUSA,"I didn��t need a hot black coffee with my 78oz porterhouse and 13 raw egg breakfast this morning.

President Trump��s landslide victory gave me all the energy I need.",2024/11/6 14:25,73276,3077083,10168,5988,446,935,,,https://pbs.twimg.com/profile_banners/91583544/1591900473,91,6,5,8,94,40,1
0,91026,592065,15387,Nick Adams,91583544,48674,NickAdamsinUSA,Every woman who has run for President of the United States has lost to Donald Trump.,2024/11/6 9:07,72598,3040350,10124,5956,445,922,,,https://pbs.twimg.com/profile_banners/91583544/1591900473,77,4,51,28,94,37,84
0,91026,592065,15387,Nick Adams,91583544,48674,NickAdamsinUSA,"The problem with the Democrat Party is that they have become a party for oversoyed losers.

Good bye Bill Clinton and JFK.
Hello Pete Buttigieg and Tim Walz.

If they want to appeal to masculine men like me, they need to present masculine alpha leaders like President Trump.",2024/11/6 8:27,71908,3014308,10074,5915,443,918,,,https://pbs.twimg.com/profile_banners/91583544/1591900473,75,69,51,57,40,30,49
0,91026,592065,15387,Nick Adams,91583544,48674,NickAdamsinUSA,"One of the greatest parts about this entire situation is that President Trump will now get a 2nd term with full control of the Senate, House, and Supreme Court.

It's going to be a special 4 years.",2024/11/6 8:17,71696,3000831,10047,5895,443,915,,,https://pbs.twimg.com/profile_banners/91583544/1591900473,49,83,64,91,74,15,15
0,91026,592065,15387,Nick Adams,91583544,48674,NickAdamsinUSA,"The greatest political comeback in US history.

Donald J. Trump is more successful than Mark Cuban will ever be.",2024/11/6 7:25,70638,2974105,9899,5853,439,900,,,https://pbs.twimg.com/profile_banners/91583544/1591900473,11,69,94,42,36,66,58
0,91026,592065,15387,Nick Adams,91583544,48674,NickAdamsinUSA,"The only way to explain 2020 after 2024 is election fraud.

They knew they only had one chance to steal an election from President Trump.

They didn't know President Trump would not be stopped.",2024/11/6 7:24,70377,2961176,9872,5843,438,896,,,https://pbs.twimg.com/profile_banners/91583544/1591900473,88,7,8,72,7,94,18
0,91026,592065,15387,Nick Adams,91583544,48674,NickAdamsinUSA,"I would love to see President Trump take a victory lap and really give it to Kamala and the communist left.

However, the President is a very humble and classy man and I anticipate he will give a unifying speech for all Americans, even the ones who did not vote for him.",2024/11/6 7:14,70094,2947973,9825,5833,437,892,,,https://pbs.twimg.com/profile_banners/91583544/1591900473,46,69,78,83,84,22,34
0,91026,592065,15387,Nick Adams,91583544,48674,NickAdamsinUSA,"I think at the end of the day, the American people weren't ready to move on from Donald J. Trump.

They love him too much.",2024/11/6 7:02,69769,2932036,9790,5817,436,887,,,https://pbs.twimg.com/profile_banners/91583544/1591900473,17,11,40,1,100,42,79
0,91026,592065,15387,Nick Adams,91583544,48674,NickAdamsinUSA,The McDonald's fry job was when Donald Trump sealed the election.,2024/11/6 6:57,69248,2913699,9750,5794,434,880,,,https://pbs.twimg.com/profile_banners/91583544/1591900473,97,36,40,5,19,59,93
0,91026,592065,15387,Nick Adams,91583544,48674,NickAdamsinUSA,"Alpha males just made Donald Trump the 47th President of the United States.

And no, we aren��t going to apologize for it.",2024/11/6 6:39,68717,2896005,9725,5777,433,877,,,https://pbs.twimg.com/profile_banners/91583544/1591900473,25,83,77,81,35,91,19
0,91026,592065,15387,Nick Adams,91583544,48674,NickAdamsinUSA,President Trump's decisive victory today is further evidence that the 2020 election was rigged and stolen.,2024/11/6 6:26,64569,2742501,9364,5677,424,821,,,https://pbs.twimg.com/profile_banners/91583544/1591900473,68,31,90,17,74,45,77
0,91026,592065,15387,Nick Adams,91583544,48674,NickAdamsinUSA,President Trump has won this race.,2024/11/6 6:09,63681,2710110,9277,5648,418,815,,,https://pbs.twimg.com/profile_banners/91583544/1591900473,64,79,47,97,29,30,73
0,91026,592065,15387,Nick Adams,91583544,48674,NickAdamsinUSA,"Black men love Nick Adams, and they love Donald Trump.",2024/11/6 6:00,63252,2671478,9236,5637,417,806,,,https://pbs.twimg.com/profile_banners/91583544/1591900473,59,90,50,85,56,98,35
0,91026,592065,15387,Nick Adams,91583544,48674,NickAdamsinUSA,"Young men of all races turned out for President Trump in a major way.

I am honored to have played a key role in rallying America's youth to vote Trump. https://t.co/yWrJWCp8Rn",2024/11/6 5:42,62977,2651358,9219,5616,416,798,https://pbs.twimg.com/ext_tw_video_thumb/1854035687747518474/pu/img/zfZnrSvTsgX2vOL-.jpg,,https://pbs.twimg.com/profile_banners/91583544/1591900473,54,50,87,22,31,87,4
0,91026,592065,15387,Nick Adams,91583544,48674,NickAdamsinUSA,"ALERT: 70% of the Vote in Pennsylvania.

President Trump leads by over 160,000 votes.

It��s not even close! https://t.co/jrZNo5wk9H",2024/11/6 4:21,62067,2606672,9149,5586,414,775,https://pbs.twimg.com/ext_tw_video_thumb/1854016041858244615/pu/img/aVfrr45xDr-y7MsK.jpg,,https://pbs.twimg.com/profile_banners/91583544/1591900473,84,4,46,32,32,89,89
0,91026,592065,15387,Nick Adams,91583544,48674,NickAdamsinUSA,"FLORIDA is 42% in, and President Trump has a 200,000-vote LEAD on Kamala Harris! https://t.co/8HZusAsQai",2024/11/6 0:50,60332,2558750,8926,5561,413,761,https://pbs.twimg.com/ext_tw_video_thumb/1853962737627361289/pu/img/_e7U4rcmkHJLU-X5.jpg,,https://pbs.twimg.com/profile_banners/91583544/1591900473,100,2,74,53,54,56,100
0,91026,592065,15387,Nick Adams,91583544,48674,NickAdamsinUSA,@realDonaldTrump Listen to President Trump!!,2024/11/6 0:34,59996,2526522,8899,5545,413,760,,,https://pbs.twimg.com/profile_banners/91583544/1591900473,5,0,4,27,22,16,3
0,91026,592065,15387,Nick Adams,91583544,48674,NickAdamsinUSA,"This election is getting out of hand, I think it's time to call it for Trump! https://t.co/WzP0KYmYLg",2024/11/6 0:14,59731,2486072,8883,5533,412,757,https://pbs.twimg.com/media/GbqRMV4XsAsoL5h.jpg,,https://pbs.twimg.com/profile_banners/91583544/1591900473,0,85,92,53,81,20,21
0,91026,592065,15387,Nick Adams,91583544,48674,NickAdamsinUSA,President Trump WINS Kentucky! https://t.co/A3en7Bs7jq,2024/11/6 0:03,57416,2384599,8791,5467,407,744,https://pbs.twimg.com/media/GbqOx7QXYAAlGod.jpg,,https://pbs.twimg.com/profile_banners/91583544/1591900473,98,36,34,67,93,3,95
0,91026,592065,15387,Nick Adams,91583544,48674,NickAdamsinUSA,"Great news, Mario's Wolfpack has 100% attendance at the polls today with 100% of his guys voting for President Trump.

Mario, my butcher, has been severely impacted by Bidenflation and desperately wants to go back to TRUMP.",2024/11/5 22:20,55706,2292945,8628,5414,403,733,,,https://pbs.twimg.com/profile_banners/91583544/1591900473,9,76,65,39,51,41,38
0,91026,592065,15387,Nick Adams,91583544,48674,NickAdamsinUSA,FIGHT FOR AMERICA. VOTE FOR TRUMP! https://t.co/srzVDTzGqa,2024/11/5 22:00,55187,2267848,8530,5389,401,728,https://pbs.twimg.com/media/Gbpynh6XEAEjW_K.jpg,,https://pbs.twimg.com/profile_banners/91583544/1591900473,27,13,88,71,20,62,85
0,91026,592065,15387,Nick Adams,91583544,48674,NickAdamsinUSA,"Joe Biden is NOT attending Kamala's Election Night Watch Party!

Did Joe Biden vote for Donald Trump, or is it just past his bedtime?
https://t.co/XCYnUu6mlC",2024/11/5 21:45,54969,2256031,8487,5373,401,728,,,https://pbs.twimg.com/profile_banners/91583544/1591900473,89,48,12,88,59,25,46
0,91026,592061,15387,Nick Adams,91583544,48674,NickAdamsinUSA,"Don't stop thrusting until every single poll has closed and the election is called for President Donald John Trump.

The world is going to be saved or destroyed tonight.",2024/11/5 20:41,54822,2244567,8467,5352,401,723,,,https://pbs.twimg.com/profile_banners/91583544/1591900473,78,25,35,2,52,55,24
0,91026,592061,15387,Nick Adams,91583544,48674,NickAdamsinUSA,"Just had my assistant brew another pot of hot black coffee, that's number 5 for the day.

When it comes to electing President Trump, alpha males don't play around.

I go hard for my freedom!",2024/11/5 20:20,54286,2216922,8378,5310,398,718,,,https://pbs.twimg.com/profile_banners/91583544/1591900473,74,67,28,94,19,33,9
0,91026,592061,15387,Nick Adams,91583544,48674,NickAdamsinUSA,"It's 11:40AM and I am still going hard for Trump.

My volunteers have called thousands of alpha males to make sure they are voting for President Trump and accounting for their wolfpacks.

I have consumed 4 pots of hot black coffee, 4 dozen eggs, and a 97oz tomahawk ribeye.",2024/11/5 16:40,53740,2186890,8334,5263,397,717,,,https://pbs.twimg.com/profile_banners/91583544/1591900473,28,46,94,40,11,13,53
0,91026,592061,15387,Nick Adams,91583544,48674,NickAdamsinUSA,"MAJOR ANNOUNCEMENT:

It's time to hold your wolfpack accountable by demanding RECEIPTS they voted Trump.

If a fellow alpha male does not vote, or for some bizarre reason votes for Kamala Harris, they should be ostracized and removed from your crew.

This is not up for debate.",2024/11/5 12:13,52907,2145673,8253,5192,393,712,,,https://pbs.twimg.com/profile_banners/91583544/1591900473,82,3,75,77,20,24,60
0,91026,592061,15387,Nick Adams,91583544,48674,NickAdamsinUSA,It's election day. Let's lock in and send President Trump back to the White House! https://t.co/We79LCP0Zw,2024/11/5 12:00,52441,2099596,8207,5142,387,703,https://pbs.twimg.com/media/GbnpVOLW0AABB2p.jpg,,https://pbs.twimg.com/profile_banners/91583544/1591900473,26,57,23,42,45,37,65
0,91026,592061,15387,Nick Adams,91583544,48674,NickAdamsinUSA,"President Trump has never lost in his entire life and he��s not going to start today.

Looking forward to another massive Trump election victory!",2024/11/5 11:07,51742,2082291,8102,5096,382,697,,,https://pbs.twimg.com/profile_banners/91583544/1591900473,12,77,74,75,38,77,56
0,91026,592061,15387,Nick Adams,91583544,48674,NickAdamsinUSA,"It��s 6:02AM and I have already consumed 2 pots of hot black coffee and 4 dozen eggs.

It��s going to be a long and exhausting day, but making sure Donald Trump wins back the White House is worth the sacrifices.",2024/11/5 11:04,50820,2043884,8014,4954,375,692,,,https://pbs.twimg.com/profile_banners/91583544/1591900473,6,37,78,44,8,82,56
0,91026,592061,15387,Nick Adams,91583544,48674,NickAdamsinUSA,"If President Trump does not win today, we will never have another election.

This is not hyperbole, it��s fact.",2024/11/5 10:42,49742,2002686,7943,4869,371,681,,,https://pbs.twimg.com/profile_banners/91583544/1591900473,7,93,40,17,71,22,6
0,91026,592061,15387,Nick Adams,91583544,48674,NickAdamsinUSA,"I��m awake and ready to go harder for Trump than ever before.

I won��t take any chances when it comes to the future of this great nation.

I am ordering a ��Code Red�� requiring all REAL MEN to get out and vote Republican down ballot.

Make your voice heard or turn in your man card!",2024/11/5 10:40,48827,1977198,7845,4785,365,677,,,https://pbs.twimg.com/profile_banners/91583544/1591900473,83,49,67,60,12,90,43
0,91026,592061,15387,Nick Adams,91583544,48674,NickAdamsinUSA,"Elon Musk, RFK Jr, and Joe Rogan are all lifelong Democrats who have nothing to gain by endorsing President Trump.

In fact, they have everything to lose by endorsing President Trump.

That should tell you everything you need to know before voting today.",2024/11/5 10:25,48415,1959877,7765,4758,363,674,,,https://pbs.twimg.com/profile_banners/91583544/1591900473,76,24,84,13,30,86,28
0,91026,592061,15387,Nick Adams,91583544,48674,NickAdamsinUSA,"I was thrusting a little harder at the gym this morning.

You know why?

We're gonna have a good day
And all my homies gonna vote Trump today
And all these mommies look fly today
And all we wanna do is get MAGA today
Heyyy
We're gonna have a good day
And ain't nobody gotta cry",2024/11/5 10:20,47716,1941893,7644,4705,358,669,,,https://pbs.twimg.com/profile_banners/91583544/1591900473,62,14,13,13,48,39,46
0,91026,592061,15387,Nick Adams,91583544,48674,NickAdamsinUSA,BREAKING: Joe Rogan endorses Donald Trump for president. https://t.co/fsHtMuPUJg,2024/11/5 2:03,47221,1903759,7610,4668,353,661,https://pbs.twimg.com/ext_tw_video_thumb/1853619000111943680/pu/img/Pc85C8T_fYGSKz8d.jpg,,https://pbs.twimg.com/profile_banners/91583544/1591900473,87,7,78,13,59,75,9
0,91026,592061,15387,Nick Adams,91583544,48674,NickAdamsinUSA,BREAKING: LADY LIBERTY ENDORSES TRUMP! https://t.co/rUPxOqyGoj,2024/11/5 2:00,46244,1881149,7442,4634,352,646,https://pbs.twimg.com/media/Gblf-U_XsAAR75m.jpg,,https://pbs.twimg.com/profile_banners/91583544/1591900473,35,84,35,67,4,25,80
0,91026,592061,15387,Nick Adams,91583544,48674,NickAdamsinUSA,"President Trump took a bullet for you.

Go cast your vote for him, and tell everyone you know to do the same. https://t.co/o3ZkXAlyuB",2024/11/5 1:17,45765,1869252,7372,4601,350,643,https://pbs.twimg.com/media/GblWFsTXQAEJG1O.png,,https://pbs.twimg.com/profile_banners/91583544/1591900473,1,46,21,42,95,35,34
0,91026,592061,15387,Nick Adams,91583544,48674,NickAdamsinUSA,"Kid Rock is voting for Trump.
Patrick Mahomes is voting for Trump.
Urban Meyer is voting for Trump.
Nick Adams is voting for Donald Trump.

How can we lose?",2024/11/5 0:08,44227,1845810,7012,4511,339,627,,,https://pbs.twimg.com/profile_banners/91583544/1591900473,38,26,4,17,26,93,78
0,91026,592061,15387,Nick Adams,91583544,48674,NickAdamsinUSA,"I was finishing up my leg squats at the gym today, an alpha male never skips leg day, when I overheard three suburban moms on the elliptical machines horrified by Mark Cuban's disrespectful comments about Trump and the women he hires.

They were shocked and dismayed Kamala Harris",2024/11/4 19:49,41308,1794994,6715,4291,329,606,,,https://pbs.twimg.com/profile_banners/91583544/1591900473,46,90,11,3,84,97,21
0,91026,592061,15387,Nick Adams,91583544,48674,NickAdamsinUSA,President Trump is running away with the lead on @Kalshi with a 10 point margin!,2024/11/4 19:05,40904,1763223,6669,4230,326,597,,,https://pbs.twimg.com/profile_banners/91583544/1591900473,36,91,60,8,11,66,37
0,91026,592061,15387,Nick Adams,91583544,48674,NickAdamsinUSA,"Make no mistake, President Donald J Trump is and always will be for the American people.",2024/11/4 16:32,40618,1739281,6634,4197,325,592,,,https://pbs.twimg.com/profile_banners/91583544/1591900473,62,32,71,22,90,45,87
0,91026,592061,15387,Nick Adams,91583544,48674,NickAdamsinUSA,WIll President Trump get more than 300 votes in the electoral college? https://t.co/SZ6W6MlkSV,2024/11/4 11:59,40179,1721654,6588,4116,325,590,https://pbs.twimg.com/media/GbifoayXcAAaIdq.jpg,,https://pbs.twimg.com/profile_banners/91583544/1591900473,83,67,29,3,96,19,40
0,91026,592061,15387,Nick Adams,91583544,48674,NickAdamsinUSA,Buzz Aldrin stands with President Trump! https://t.co/wOHbPkmbbE,2024/11/4 2:00,39460,1699814,6502,3948,314,586,https://pbs.twimg.com/media/GbgWXdoaUAAMskP.jpg,,https://pbs.twimg.com/profile_banners/91583544/1591900473,94,38,12,61,55,49,92
0,91026,592065,15387,Nick Adams,91583544,48674,NickAdamsinUSA,@realDonaldTrump Kamala destroyed President Trump��s perfect economy and border!,2024/11/3 23:30,39234,1689790,6456,3926,311,585,,,https://pbs.twimg.com/profile_banners/91583544/1591900473,30,45,42,44,63,95,10
0,91026,592065,15387,Nick Adams,91583544,48674,NickAdamsinUSA,@realDonaldTrump Minnesota is going to revolt against Tim Walz and vote TRUMP!,2024/11/3 23:14,39149,1684829,6445,3913,311,584,,,https://pbs.twimg.com/profile_banners/91583544/1591900473,30,3,80,1,57,62,99
0,91026,592065,15387,Nick Adams,91583544,48674,NickAdamsinUSA,President Trump will fix it. https://t.co/FM8OCK9Ha0,2024/11/3 22:05,38985,1678817,6429,3901,311,584,https://pbs.twimg.com/media/Gbfgr8rbwAEqCLk.jpg,,https://pbs.twimg.com/profile_banners/91583544/1591900473,67,66,70,22,100,58,9
0,91026,592065,15387,Nick Adams,91583544,48674,NickAdamsinUSA,"I am declaring today a NATIONAL DAY OF PRAYER for President Trump. Our country hangs in the balance. Spend some time on your knees in prayer today for Donald Trump, JD Vance, and our nation. https://t.co/5U83XNb0ik",2024/11/3 12:00,38738,1667731,6343,3852,307,581,https://pbs.twimg.com/media/GbdWIiHbgAAcq8P.jpg,,https://pbs.twimg.com/profile_banners/91583544/1591900473,92,7,26,51,36,69,17
0,91026,592065,15387,Nick Adams,91583544,48674,NickAdamsinUSA,@realDonaldTrump President Trump is going to win every single battleground state!,2024/11/3 4:20,36982,1646203,5766,3675,285,570,,,https://pbs.twimg.com/profile_banners/91583544/1591900473,42,74,51,99,84,52,95
0,91026,592065,15387,Nick Adams,91583544,48674,NickAdamsinUSA,Ignore the polls. GO VOTE FOR PRESIDENT TRUMP!,2024/11/3 2:00,36594,1619587,5746,3631,282,566,,,https://pbs.twimg.com/profile_banners/91583544/1591900473,57,31,4,28,4,43,16
0,91026,592065,15387,Nick Adams,91583544,48674,NickAdamsinUSA,Arab and Muslim Americans are going BIG for Trump in 2024! Especially in Michigan! https://t.co/ZaOhEZ8B0F,2024/11/3 1:13,34491,1594670,5395,3575,274,559,https://pbs.twimg.com/amplify_video_thumb/1852881599387598849/img/aV6XwZYTWjjxAcYD.jpg,,https://pbs.twimg.com/profile_banners/91583544/1591900473,97,66,5,31,3,10,46
0,91026,592065,15387,Nick Adams,91583544,48674,NickAdamsinUSA,President Trump took a bullet for democracy.,2024/11/2 22:34,33818,1576800,5231,3501,273,542,,,https://pbs.twimg.com/profile_banners/91583544/1591900473,40,88,82,61,5,99,92
0,91026,592065,15387,Nick Adams,91583544,48674,NickAdamsinUSA,"WOW! 

Tens of thousands of MAGA hats have been spotted in the crowd at the Ohio State-Penn State game in PA.

Pennsylvania is going for Trump! https://t.co/xica6G2SqE",2024/11/2 16:12,33596,1559347,5184,3446,273,537,https://pbs.twimg.com/media/GbZGP95acAAsHt0.jpg,,https://pbs.twimg.com/profile_banners/91583544/1591900473,9,82,47,48,9,87,28
0,91026,592065,15387,Nick Adams,91583544,48674,NickAdamsinUSA,President Trump was never given the credit he deserved for building the greatest economy in US history.,2024/11/2 15:40,31283,1477938,4836,3320,258,502,,,https://pbs.twimg.com/profile_banners/91583544/1591900473,74,34,65,54,74,31,23
0,91026,592065,15387,Nick Adams,91583544,48674,NickAdamsinUSA,"Senator Tammy Baldwin attacked President Trump and his supporters!

She is UNFIT to for office.

Wisconsin, Vote Eric Hovde for Senate! https://t.co/O9j679tvt1",2024/11/2 1:37,30560,1459007,4730,3202,255,498,https://pbs.twimg.com/ext_tw_video_thumb/1852524996343603200/pu/img/UHc88DrA7Uai7eH6.jpg,,https://pbs.twimg.com/profile_banners/91583544/1591900473,94,81,54,55,62,19,68
0,91026,592065,15387,Nick Adams,91583544,48674,NickAdamsinUSA,"NFL Head Coach Voting Preference:

Sean McDermott - Donald Trump
Jeff Ulbrich - Donald Trump
Mike McDaniel - Undecided
Jerod Mayo - Donald Trump

Mike Tomlin - Donald Trump
John Harbaugh - Donald Trump
Zac Taylor - Undecided
Kevin Stefanski - Donald Trump

DeMeco Ryans - Donald",2024/11/2 0:03,30402,1431895,4679,3174,251,496,,,https://pbs.twimg.com/profile_banners/91583544/1591900473,64,27,79,65,15,0,56
0,91026,592065,15387,Nick Adams,91583544,48674,NickAdamsinUSA,"President Trump is the Alpha Male this country needs, putting in the bets on @Kalshi to prove my confidence! https://t.co/9d15bgFEoY",2024/11/1 23:10,28733,1326867,4415,3064,234,401,https://pbs.twimg.com/media/GbVbv9TXIAAfBck.jpg,,https://pbs.twimg.com/profile_banners/91583544/1591900473,33,92,51,98,65,37,37
0,91026,592065,15387,Nick Adams,91583544,48674,NickAdamsinUSA,"If Joe Burrow wants to lead the Cincinnati Bengals back to the Super Bowl, he must endorse President Donald Trump.

Pro-Trump athletes always win.",2024/11/1 19:11,28523,1306105,4388,3020,234,398,,,https://pbs.twimg.com/profile_banners/91583544/1591900473,82,20,41,85,22,76,73
0,91026,592065,15387,Nick Adams,91583544,48674,NickAdamsinUSA,Trump has been cleaning up the mess Obama left us for the last 8 years! https://t.co/UJEmTFYiC1,2024/11/1 15:00,27877,1279287,4356,2970,232,394,https://pbs.twimg.com/media/GbTsOwOWgAAoKbJ.jpg,,https://pbs.twimg.com/profile_banners/91583544/1591900473,42,67,39,57,33,43,94
0,91026,592065,15387,Nick Adams,91583544,48674,NickAdamsinUSA,There is nothing spookier than another 4 years without President Trump in the White House! https://t.co/dBhs1C3bo8,2024/11/1 0:59,27553,1267943,4282,2890,231,393,https://pbs.twimg.com/media/GbQrw8nagAAu6um.jpg,,https://pbs.twimg.com/profile_banners/91583544/1591900473,35,46,11,89,13,45,87
0,91026,592065,15387,Nick Adams,91583544,48674,NickAdamsinUSA,"Pro-Trump patriot Blake Treinen just threw a CLUTCH inning and cut through the heart of the Yankees lineup like a hot knife through butter.

This is a GREAT omen for a Trump
Victory on November 5th!",2024/10/31 3:31,27375,1252263,4259,2863,230,392,,,https://pbs.twimg.com/profile_banners/91583544/1591900473,95,15,3,18,51,20,35
0,91026,592065,15387,Nick Adams,91583544,48674,NickAdamsinUSA,President Trump is taking campaigning to another level! A masterclass. https://t.co/UW0FPi3PHF,2024/10/31 0:00,27162,1235661,4235,2840,230,385,https://pbs.twimg.com/ext_tw_video_thumb/1851776088373882880/pu/img/BemBEQXAn3b4y2bu.jpg,,https://pbs.twimg.com/profile_banners/91583544/1591900473,37,36,83,17,62,59,78
0,91026,592065,15387,Nick Adams,91583544,48674,NickAdamsinUSA,God is on President Trump��s side.,2024/10/30 23:25,26859,1226391,4180,2803,224,381,,,https://pbs.twimg.com/profile_banners/91583544/1591900473,21,96,97,78,49,45,94
0,91026,592065,15387,Nick Adams,91583544,48674,NickAdamsinUSA,"President Trump is tasking on the trash on Tuesday, November 5th.

We��ve got a country to save! https://t.co/HmpkHoLBQF",2024/10/30 23:17,26604,1164781,4152,2736,221,380,https://pbs.twimg.com/media/GbLKzkSWsAAL1jP.jpg,,https://pbs.twimg.com/profile_banners/91583544/1591900473,3,41,10,83,13,81,59
0,91026,592065,15387,Nick Adams,91583544,48674,NickAdamsinUSA,CNN hates President Trump��s master level of trolling. https://t.co/tZw2CsvCvf,2024/10/30 22:54,25609,1135841,3974,2646,215,363,https://pbs.twimg.com/ext_tw_video_thumb/1851752275623940096/pu/img/ODH5F7yvQF1cJRMm.jpg,,https://pbs.twimg.com/profile_banners/91583544/1591900473,9,69,80,24,9,56,71
0,91026,592065,15387,Nick Adams,91583544,48674,NickAdamsinUSA,"The election is over.

Nothing can stop President Trump.https://t.co/oXOd6xdhK6",2024/10/30 22:42,25331,1123701,3945,2626,213,357,https://pbs.twimg.com/ext_tw_video_thumb/1851752967487066112/pu/img/8qF12LqQ9ixWcG5I.jpg,,https://pbs.twimg.com/profile_banners/91583544/1591900473,85,76,91,84,1,94,17
0,91026,592065,15387,Nick Adams,91583544,48674,NickAdamsinUSA,"NFL Quarterback 2024 Election Preferences:

Trump:
Lamar Jackson
Josh Allen
Bo Nix
CJ Stroud
Joe Flacco
Trevor Lawrence
Patrick Mahomes
Gardner Minshew
Justin Herbert
Drake Maye
Aaron Rodgers
Mason Rudolph
Kirk Cousins
Jared Goff
Dak Prescott
Jordan Love &amp; Malik Willis
Sam",2024/10/30 22:10,24349,1070399,3829,2583,204,334,,,https://pbs.twimg.com/profile_banners/91583544/1591900473,43,71,6,12,83,88,99
0,91026,592065,15387,Nick Adams,91583544,48674,NickAdamsinUSA,Buzz Aldrin understands that President Trump is a real life super hero ready to save the country.,2024/10/30 17:38,23637,964607,3776,2446,190,280,,,https://pbs.twimg.com/profile_banners/91583544/1591900473,73,82,61,80,61,4,86
0,91026,592065,15387,Nick Adams,91583544,48674,NickAdamsinUSA,"Joe Biden said what he said, we all watched the video.

Joe Biden called President Trump's supporters ""garbage"" during a virtual Harris campaign call.

The most divisive President since Barack Obama.",2024/10/30 5:35,23425,953165,3751,2412,190,278,,,https://pbs.twimg.com/profile_banners/91583544/1591900473,91,6,5,8,94,40,1
0,91026,592065,15387,Nick Adams,91583544,48674,NickAdamsinUSA,@realDonaldTrump President Trump is going to win BIG in Pennsylvania!,2024/10/30 3:46,22993,940020,3672,2322,186,275,,,https://pbs.twimg.com/profile_banners/91583544/1591900473,77,4,51,28,94,37,84
0,91026,592065,15387,Nick Adams,91583544,48674,NickAdamsinUSA,"Joe Biden thinks we are ��garbage�� for supporting President Trump.

REPOST if you��re proud to be garbage!",2024/10/30 0:42,22859,932766,3663,2308,186,275,,,https://pbs.twimg.com/profile_banners/91583544/1591900473,75,69,51,57,40,30,49
0,91026,592065,15387,Nick Adams,91583544,48674,NickAdamsinUSA,"We all know what President Trump was thinking about Dr. Fauci at this moment. 

Finally, Americans can know the truth. 

The documentary 'Thank You, Dr. Fauci' is out NOW! 

#ThankYouDrFauci #FauciDocumentary #ad #partner https://t.co/yvGNXJeINL",2024/10/29 22:21,21448,898636,2887,2206,158,270,https://pbs.twimg.com/media/GbF0hAAWwAEkK5J.jpg,,https://pbs.twimg.com/profile_banners/91583544/1591900473,49,83,64,91,74,15,15
0,91026,592065,15387,Nick Adams,91583544,48674,NickAdamsinUSA,"In 2020, 10 million more women voted than men in the Presidential election, handing Joe Biden the White House.

In 2024, it's up to men to turn out and support Donald J. Trump for President. https://t.co/cImRiOjavl",2024/10/29 22:14,21368,890709,2871,2189,157,267,https://pbs.twimg.com/ext_tw_video_thumb/1851386276831797248/pu/img/wjceTa_2tzThjdPv.jpg,,https://pbs.twimg.com/profile_banners/91583544/1591900473,11,69,94,42,36,66,58
0,91026,592065,15387,Nick Adams,91583544,48674,NickAdamsinUSA,"Did Joe Biden threaten President Trump?

After two assassination attempts, when will they learn? https://t.co/O7tBHXAPnk",2024/10/29 20:09,20414,825075,2642,2051,144,254,https://pbs.twimg.com/ext_tw_video_thumb/1851355706613538817/pu/img/ZIkG_hZG8utHukgm.jpg,,https://pbs.twimg.com/profile_banners/91583544/1591900473,88,7,8,72,7,94,18
0,91026,592065,15387,Nick Adams,91583544,48674,NickAdamsinUSA,MUSLIMS LOVE TRUMP! https://t.co/F1zjwR7cbW,2024/10/29 10:59,20236,814613,2593,2005,137,250,https://pbs.twimg.com/media/GbDYZUoWsAE2NzR.jpg,,https://pbs.twimg.com/profile_banners/91583544/1591900473,46,69,78,83,84,22,34
0,91026,592065,15387,Nick Adams,91583544,48674,NickAdamsinUSA,"Men with liberal wives, please remember that your vote is private.

Your wife doesn��t need to know you voted for Trump.

What happens in the voting booth stays in the voting booth.",2024/10/28 23:41,19544,799464,2466,1942,129,240,,,https://pbs.twimg.com/profile_banners/91583544/1591900473,17,11,40,1,100,42,79
0,91026,592065,15387,Nick Adams,91583544,48674,NickAdamsinUSA,President Trump is a great father. https://t.co/2XsvMXZfO9,2024/10/28 21:10,18402,758789,2337,1843,113,230,https://pbs.twimg.com/ext_tw_video_thumb/1851008494758993920/pu/img/eoCV7msc1s3Svppq.jpg,,https://pbs.twimg.com/profile_banners/91583544/1591900473,97,36,40,5,19,59,93
0,91026,592065,15387,Nick Adams,91583544,48674,NickAdamsinUSA,"Tulsi Gabbard and Elon Musk are both extremely popular in Hawaii, I wouldn't be shocked if President Trump pulled off the unthinkable in The Aloha State.",2024/10/28 19:19,18241,749440,2304,1809,113,225,,,https://pbs.twimg.com/profile_banners/91583544/1591900473,25,83,77,81,35,91,19
0,91026,592065,15387,Nick Adams,91583544,48674,NickAdamsinUSA,"This is amazing.

President Trump describes what it was like to watch part of Elon Musk's Starship rocket captured on its return to the launch pad. https://t.co/ERiYZfXICB",2024/10/28 18:14,17883,732546,2255,1766,111,222,https://pbs.twimg.com/ext_tw_video_thumb/1850963287359246336/pu/img/hMdpkdYCe6os52hJ.jpg,,https://pbs.twimg.com/profile_banners/91583544/1591900473,68,31,90,17,74,45,77
0,91026,592065,15387,Nick Adams,91583544,48674,NickAdamsinUSA,@realDonaldTrump This would have never happened under President Trump.,2024/10/28 17:58,17721,722928,2232,1747,110,217,,,https://pbs.twimg.com/profile_banners/91583544/1591900473,64,79,47,97,29,30,73
0,91026,592065,15387,Nick Adams,91583544,48674,NickAdamsinUSA,"If Joe Burrow wants to turn around the season for the Cincinnati Bengals, he will endorse President Trump strongly and quickly.",2024/10/28 4:50,17569,713566,2221,1731,110,216,,,https://pbs.twimg.com/profile_banners/91583544/1591900473,59,90,50,85,56,98,35
0,91026,592065,15387,Nick Adams,91583544,48674,NickAdamsinUSA,"President Trump gave one of the most significant closing statements to a SOLD OUT crowd at Madison Square Garden in New York City.

If this doesn't make you want to vote for Donald Trump, you're a communist. https://t.co/1LVtfOnlHW",2024/10/28 0:46,17248,683892,2198,1706,108,212,https://pbs.twimg.com/ext_tw_video_thumb/1850699878399107072/pu/img/JSryEsVpHsDGIgB8.jpg,,https://pbs.twimg.com/profile_banners/91583544/1591900473,54,50,87,22,31,87,4
0,91026,592065,15387,Nick Adams,91583544,48674,NickAdamsinUSA,New York might be in play for President Trump this November. https://t.co/wA7FwQrSAy,2024/10/28 0:39,16775,668800,2092,1658,108,192,https://pbs.twimg.com/ext_tw_video_thumb/1850698709211688960/pu/img/_4mgIhnNUjNOS-iH.jpg,,https://pbs.twimg.com/profile_banners/91583544/1591900473,84,4,46,32,32,89,89
0,91026,592065,15387,Nick Adams,91583544,48674,NickAdamsinUSA,"If you are a man and you are voting for Kamala Harris, I have no respect for you as a person.

President Trump is the only option for real men.",2024/10/28 0:29,16152,653307,2013,1615,104,182,,,https://pbs.twimg.com/profile_banners/91583544/1591900473,100,2,74,53,54,56,100
0,91026,592065,15387,Nick Adams,91583544,48674,NickAdamsinUSA,"Absolutely no one is watching the woke NFL right now.

President Trump is hosting a rally at Madison Square Garden! https://t.co/53GJzK6HkO",2024/10/28 0:25,15395,628639,1935,1468,96,177,https://pbs.twimg.com/media/Ga79lcbXYAACu4V.jpg,,https://pbs.twimg.com/profile_banners/91583544/1591900473,5,0,4,27,22,16,3
0,91026,592065,15387,Nick Adams,91583544,48674,NickAdamsinUSA,"Lee Greenwood, President Donald J. Trump, and First Lady Melania Trump all on stage together at a sold out Madison Square Garden.

Kamala Harris is not capable of doing this. https://t.co/cGBtF33BTS",2024/10/27 23:21,14621,613378,1830,1429,95,170,https://pbs.twimg.com/ext_tw_video_thumb/1850679099653586944/pu/img/-lQzxSYz46TyAgLw.jpg,,https://pbs.twimg.com/profile_banners/91583544/1591900473,0,85,92,53,81,20,21
0,91026,592065,15387,Nick Adams,91583544,48674,NickAdamsinUSA,"Eric and Lara Trump are one of America's greatest couples.

President Trump has A LOT to be proud of when it comes to his business and family.",2024/10/27 22:39,13023,590331,1507,1378,86,137,,,https://pbs.twimg.com/profile_banners/91583544/1591900473,98,36,34,67,93,3,95
0,91026,592065,15387,Nick Adams,91583544,48674,NickAdamsinUSA,"Hulk Hogan gave an all-time great speech and performance at President Trump's Madison Square Garden rally.

Very alpha. https://t.co/PSR1Cchp0q",2024/10/27 22:23,12846,579265,1490,1357,84,135,https://pbs.twimg.com/ext_tw_video_thumb/1850664018140160000/pu/img/XT82YcPVNwgIMI7K.jpg,,https://pbs.twimg.com/profile_banners/91583544/1591900473,9,76,65,39,51,41,38
0,91026,592065,15387,Nick Adams,91583544,48674,NickAdamsinUSA,"President Trump's Rally at Madison Square Garden has a great lineup.

Tucker Carlson
Hulk Hogan
Dr. Phil
JD Vance

NFL ratings are suffering right now trying to compete with this Trump rally!",2024/10/27 22:19,12376,560997,1397,1332,77,116,,,https://pbs.twimg.com/profile_banners/91583544/1591900473,27,13,88,71,20,62,85
0,91026,592065,15387,Nick Adams,91583544,48674,NickAdamsinUSA,"The New York Post has endorsed President Donald Trump and the Washington Post is refusing to endorse Kamala Harris.

The momentum is on Trump��s side.",2024/10/27 2:15,12111,549193,1359,1288,75,111,,,https://pbs.twimg.com/profile_banners/91583544/1591900473,89,48,12,88,59,25,46
0,91026,592065,15387,Nick Adams,91583544,48674,NickAdamsinUSA,I would fight a 9 foot grizzly bear if that's what it took to get Donald J. Trump back inside the Oval Office making deals for America.,2024/10/27 0:26,11734,535294,1301,1250,73,109,,,https://pbs.twimg.com/profile_banners/91583544/1591900473,78,25,35,2,52,55,24
0,91026,592065,15387,Nick Adams,91583544,48674,NickAdamsinUSA,"Everything about President Trump is extremely impressive.

Intelligence.
Business acumen.
Golf.
Charisma and presence.
Leadership skills.

Donald J. Trump is a modern day Founding Father.",2024/10/27 0:19,11388,520042,1263,1178,66,108,,,https://pbs.twimg.com/profile_banners/91583544/1591900473,74,67,28,94,19,33,9
0,91026,592065,15387,Nick Adams,91583544,48674,NickAdamsinUSA,@realDonaldTrump President Trump is going to win Pennsylvania by A LOT!,2024/10/26 23:55,11013,507345,1197,1079,62,103,,,https://pbs.twimg.com/profile_banners/91583544/1591900473,28,46,94,40,11,13,53
0,91026,592065,15387,Nick Adams,91583544,48674,NickAdamsinUSA,"Gen Z alpha males stand with President Trump, not Kamala Harris. https://t.co/sC2Ds3hGiZ",2024/10/26 22:11,10883,500452,1185,1065,62,101,https://pbs.twimg.com/ext_tw_video_thumb/1850297106092728320/pu/img/rvMs7gXoJ8t4m623.jpg,,https://pbs.twimg.com/profile_banners/91583544/1591900473,82,3,75,77,20,24,60
0,91026,592065,15387,Nick Adams,91583544,48674,NickAdamsinUSA,"The data right now suggests young men are going to win President Trump this election.

No greater honor to found and lead this movement, registering voters and fighting for you.

I made you proud again.

I made you laugh again. 

And President Trump will make America GREAT again!",2024/10/26 16:16,10753,490401,1162,1049,61,96,,,https://pbs.twimg.com/profile_banners/91583544/1591900473,26,57,23,42,45,37,65
0,91026,592065,15387,Nick Adams,91583544,48674,NickAdamsinUSA,"President Trump tells Joe Rogan he could have thrown Hillary Clinton in jail but decided to choose unity.

Hillary Clinton can thank President Trump for her freedom! https://t.co/IMVFNPFfjh",2024/10/26 8:31,10488,478137,1112,1001,60,94,https://pbs.twimg.com/ext_tw_video_thumb/1850092763783831552/pu/img/1QWYCl92RGXzh97n.jpg,,https://pbs.twimg.com/profile_banners/91583544/1591900473,12,77,74,75,38,77,56
0,91026,592065,15387,Nick Adams,91583544,48674,NickAdamsinUSA,"TRUMP: I don't know why I got more publicity than other people.

ROGAN: I definitely know why. You said a lot of wild shit.

TRUMP: Maybe [laughs] https://t.co/upwbskzImN",2024/10/26 7:14,9501,451315,928,901,52,78,https://pbs.twimg.com/ext_tw_video_thumb/1850073224656437248/pu/img/auM6M4aLFJkbhVn5.jpg,,https://pbs.twimg.com/profile_banners/91583544/1591900473,6,37,78,44,8,82,56
0,91026,592065,15387,Nick Adams,91583544,48674,NickAdamsinUSA,@realDonaldTrump The American people want 4 more years of President Trump!,2024/10/26 5:30,8812,425912,835,868,49,60,,,https://pbs.twimg.com/profile_banners/91583544/1591900473,7,93,40,17,71,22,6
0,91026,592065,15387,Nick Adams,91583544,48674,NickAdamsinUSA,"Los Angeles LOVES President Trump.

MAGA https://t.co/kEdf5jGunY",2024/10/26 1:39,8524,407846,813,794,46,57,https://pbs.twimg.com/media/Gax7RxkXEAAEy1s.jpg,,https://pbs.twimg.com/profile_banners/91583544/1591900473,83,49,67,60,12,90,43
0,91026,592065,15387,Nick Adams,91583544,48674,NickAdamsinUSA,Who else is looking forward to watching President Trump's interview with Joe Rogan?! https://t.co/uD0kjqiuHt,2024/10/26 1:21,7743,385281,739,748,44,49,https://pbs.twimg.com/ext_tw_video_thumb/1849984671263657984/pu/img/YhXVpcfPwme7mqIS.jpg,,https://pbs.twimg.com/profile_banners/91583544/1591900473,76,24,84,13,30,86,28
0,91026,592065,15387,Nick Adams,91583544,48674,NickAdamsinUSA,Women LOVE Trump! https://t.co/yJppsdJkey,2024/10/26 0:59,7363,370460,686,721,43,42,https://pbs.twimg.com/media/GaxyOz_WoAEixQJ.jpg,,https://pbs.twimg.com/profile_banners/91583544/1591900473,62,14,13,13,48,39,46
0,91026,592065,15387,Nick Adams,91583544,48674,NickAdamsinUSA,"President Trump sat and answered questions on Joe Rogan��s podcast for OVER THREE HOURS! 

Kamala Harris could never.",2024/10/26 0:00,6073,355693,518,685,37,40,,,https://pbs.twimg.com/profile_banners/91583544/1591900473,87,7,78,13,59,75,9
0,91026,592065,15387,Nick Adams,91583544,48674,NickAdamsinUSA,"Is Jeff Bezos a secret Trump voter?

Would make a lot of sense.",2024/10/25 21:22,5056,335047,412,642,34,35,,,https://pbs.twimg.com/profile_banners/91583544/1591900473,35,84,35,67,4,25,80
0,91026,592065,15387,Nick Adams,91583544,48674,NickAdamsinUSA,"You know things are bad for the Democrats when the Washington Post is refusing to endorse Kamala Harris.

President Trump has all the momentum.",2024/10/25 19:26,4840,323520,403,611,33,35,,,https://pbs.twimg.com/profile_banners/91583544/1591900473,1,46,21,42,95,35,34
0,91026,592065,15387,Nick Adams,91583544,48674,NickAdamsinUSA,@realDonaldTrump President Trump will bring down grocery prices!,2024/10/25 19:17,4652,313446,377,571,32,34,,,https://pbs.twimg.com/profile_banners/91583544/1591900473,38,26,4,17,26,93,78
0,91026,592065,15387,Nick Adams,91583544,48674,NickAdamsinUSA,@realDonaldTrump President Trump will win BIG in 2024!,2024/10/25 18:03,4577,309861,365,559,31,33,,,https://pbs.twimg.com/profile_banners/91583544/1591900473,46,90,11,3,84,97,21
0,91026,592065,15387,Nick Adams,91583544,48674,NickAdamsinUSA,Bring back Trump! https://t.co/67x2JEY5cm,2024/10/25 11:00,1913,63651,253,425,26,19,https://pbs.twimg.com/media/GauyHFjWQAA1NrX.jpg,,https://pbs.twimg.com/profile_banners/91583544/1591900473,36,91,60,8,11,66,37
0,91026,592065,15387,Nick Adams,91583544,48674,NickAdamsinUSA,President Trump has great form on the dance floor and the golf course. https://t.co/MeN10IXvn2,2024/10/25 4:03,1633,54282,210,355,23,18,https://pbs.twimg.com/ext_tw_video_thumb/1849662793777078272/pu/img/6LmdgSDgkfEeWj3Z.jpg,,https://pbs.twimg.com/profile_banners/91583544/1591900473,62,32,71,22,90,45,87
0,91026,592065,15387,Nick Adams,91583544,48674,NickAdamsinUSA,"THE TRUE NATURE OF KAMALAITES!

Robert ��Videobob�� Moseley is a big YouTuber who makes custom cars for movies.

He lost loads of valuable collectables in a house fire in Vegas. 

He's expressed support for President Trump even though it's not a political channel. 

Among the",2024/10/25 2:44,1096,37376,157,285,14,12,,,https://pbs.twimg.com/profile_banners/91583544/1591900473,83,67,29,3,96,19,40
0,91026,592065,15387,Nick Adams,91583544,48674,NickAdamsinUSA,"President Trump is spry, agile, and energized.

The man literally ages in reverse! https://t.co/83zsWFsiHb",2024/10/25 2:23,1036,29655,141,274,14,12,https://pbs.twimg.com/amplify_video_thumb/1849580958061821954/img/dJNZDkv2IO-Kwlwu.jpg,,https://pbs.twimg.com/profile_banners/91583544/1591900473,94,38,12,61,55,49,92
,,,,,,,,,,,,,,,,,,,,,,,,,
,,,,,,,,,,,,,,,,,,,,,,,,,
,,,,,,,,,,,,,,,,,,,,,,,,,
,,,,,,,,,,,,,,,,,,,,,,,,,
,,,,,,,,,,,,,,,,,,,,,,,,,
,,,,,,,,,,,,,,,,,,,,,,,,,
,,,,,,,,,,,,,,,,,,,,,,,,,
,,,,,,,,,,,,,,,,,,,,,,,,,
,,,,,,,,,,,,,,,,,,,,,,,,,
,,,,,,,,,,,,,,,,,,,,,,,,,
,,,,,,,,,,,,,,,,,,,,,,,,,
,,,,,,,,,,,,,,,,,,,,,,,,,
,,,,,,,,,,,,,,,,,,,,,,,,,
,,,,,,,,,,,,,,,,,,,,,,,,,
,,,,,,,,,,,,,,,,,,,,,,,,,
,,,,,,,,,,,,,,,,,,,,,,,,,
,,,,,,,,,,,,,,,,,,,,,,,,,
,,,,,,,,,,,,,,,,,,,,,,,,,
,,,,,,,,,,,,,,,,,,,,,,,,,
,,,,,,,,,,,,,,,,,,,,,,,,,
,,,,,,,,,,,,,,,,,,,,,,,,,
,,,,,,,,,,,,,,,,,,,,,,,,,
,,,,,,,,,,,,,,,,,,,,,,,,,
,,,,,,,,,,,,,,,,,,,,,,,,,
,,,,,,,,,,,,,,,,,,,,,,,,,
,,,,,,,,,,,,,,,,,,,,,,,,,
,,,,,,,,,,,,,,,,,,,,,,,,,
,,,,,,,,,,,,,,,,,,,,,,,,,
,,,,,,,,,,,,,,,,,,,,,,,,,
,,,,,,,,,,,,,,,,,,,,,,,,,
,,,,,,,,,,,,,,,,,,,,,,,,,
,,,,,,,,,,,,,,,,,,,,,,,,,
,,,,,,,,,,,,,,,,,,,,,,,,,
,,,,,,,,,,,,,,,,,,,,,,,,,
,,,,,,,,,,,,,,,,,,,,,,,,,
,,,,,,,,,,,,,,,,,,,,,,,,,
,,,,,,,,,,,,,,,,,,,,,,,,,
,,,,,,,,,,,,,,,,,,,,,,,,,
