"author/canDm","author/canMediaTag","author/coverPicture","author/createdAt","author/description","author/entities/url/urls/0/display_url","author/entities/url/urls/0/expanded_url","author/entities/url/urls/0/indices/0","author/entities/url/urls/0/indices/1","author/entities/url/urls/0/url","author/fastFollowersCount","author/favouritesCount","author/followers","author/following","author/hasCustomTimelines","author/id","author/isBlueVerified","author/isTranslator","author/isVerified","author/location","author/mediaCount","author/name","author/possiblySensitive","author/profilePicture","author/status","author/statusesCount","author/twitterUrl","author/type","author/url","author/userName","author/verifiedType","fullText","createdAt","likeCount","viewCount","retweetCount","replyCount","quoteCount","bookmarkCount","media/0","quoteId","isReply","id","isRetweet","isQuote","inReplyToUserId"
"false","true","https://pbs.twimg.com/profile_banners/16331010/1664401115","Wed Sep 17 15:50:22 +0000 2008","Breaking entertainment news as it happens.","TMZ.com","http://www.TMZ.com","0","23","https://t.co/LQPPfVeJqW","0","1381","8183026","925","true","16331010","true","false","false","Los Angeles, CA","57198","TMZ","false","https://pbs.twimg.com/profile_images/948698715220410368/EkNILtvi_normal.jpg","","463612","https://twitter.com/TMZ","user","https://x.com/TMZ","TMZ","Business","Elon Musk Attempts 'YMCA' Dance at Donald Trump's Thanksgiving   |  Click to read more 👇 https://t.co/XFknrQH1pa","Fri Nov 29 14:10:29 +0000 2024","60","49667","5","48","1","1",,,"false","1862499375399715313","false","false",
"false","true","https://pbs.twimg.com/profile_banners/16331010/1664401115","Wed Sep 17 15:50:22 +0000 2008","Breaking entertainment news as it happens.","TMZ.com","http://www.TMZ.com","0","23","https://t.co/LQPPfVeJqW","0","1381","8183026","925","true","16331010","true","false","false","Los Angeles, CA","57198","TMZ","false","https://pbs.twimg.com/profile_images/948698715220410368/EkNILtvi_normal.jpg","","463612","https://twitter.com/TMZ","user","https://x.com/TMZ","TMZ","Business","Danny Trejo Says Mass Deportations Won't Really Happen Under Trump   |  Click to read more 👇 https://t.co/qd5McjZgYb","Thu Nov 28 00:09:18 +0000 2024","103","74078","16","106","7","7",,,"false","1861925296678560230","false","false",
"false","true","https://pbs.twimg.com/profile_banners/16331010/1664401115","Wed Sep 17 15:50:22 +0000 2008","Breaking entertainment news as it happens.","TMZ.com","http://www.TMZ.com","0","23","https://t.co/LQPPfVeJqW","0","1381","8183026","925","true","16331010","true","false","false","Los Angeles, CA","57198","TMZ","false","https://pbs.twimg.com/profile_images/948698715220410368/EkNILtvi_normal.jpg","","463612","https://twitter.com/TMZ","user","https://x.com/TMZ","TMZ","Business","Trump Cabinet Appointees Receive Bomb Threats, Campaign Says   |  Click to read more 👇 https://t.co/nznysu4PSs","Wed Nov 27 17:39:29 +0000 2024","26","31222","6","15","0","0",,,"false","1861827196848951478","false","false",
"false","true","https://pbs.twimg.com/profile_banners/16331010/1664401115","Wed Sep 17 15:50:22 +0000 2008","Breaking entertainment news as it happens.","TMZ.com","http://www.TMZ.com","0","23","https://t.co/LQPPfVeJqW","0","1381","8183026","925","true","16331010","true","false","false","Los Angeles, CA","57198","TMZ","false","https://pbs.twimg.com/profile_images/948698715220410368/EkNILtvi_normal.jpg","","463612","https://twitter.com/TMZ","user","https://x.com/TMZ","TMZ","Business","Adam22 Says Trump Can Win The Internet With Podcasters At White House Briefings   |  Click to read more 👇 https://t.co/TD8ckp2exB","Wed Nov 27 02:19:25 +0000 2024","48","52950","5","27","1","1",,,"false","1861595656395133299","false","false",
"false","true","https://pbs.twimg.com/profile_banners/16331010/1664401115","Wed Sep 17 15:50:22 +0000 2008","Breaking entertainment news as it happens.","TMZ.com","http://www.TMZ.com","0","23","https://t.co/LQPPfVeJqW","0","1381","8183026","925","true","16331010","true","false","false","Los Angeles, CA","57198","TMZ","false","https://pbs.twimg.com/profile_images/948698715220410368/EkNILtvi_normal.jpg","","463612","https://twitter.com/TMZ","user","https://x.com/TMZ","TMZ","Business","Nelk Boys, Theo Von's Manager Pitched Trump On Adding Podcasters to White House Briefings   |  Click to read more 👇 https://t.co/Rc9IUNbQPI","Tue Nov 26 20:51:16 +0000 2024","68","37777","8","26","2","3",,,"false","1861513072243871769","false","false",
"false","true","https://pbs.twimg.com/profile_banners/16331010/1664401115","Wed Sep 17 15:50:22 +0000 2008","Breaking entertainment news as it happens.","TMZ.com","http://www.TMZ.com","0","23","https://t.co/LQPPfVeJqW","0","1381","8183026","925","true","16331010","true","false","false","Los Angeles, CA","57198","TMZ","false","https://pbs.twimg.com/profile_images/948698715220410368/EkNILtvi_normal.jpg","","463612","https://twitter.com/TMZ","user","https://x.com/TMZ","TMZ","Business","Trump May Credential Bro Podcasters from White House Briefing Room   |  Click to read more 👇 https://t.co/Vuww1JOTqx","Tue Nov 26 15:51:11 +0000 2024","21","33970","4","13","3","0",,,"false","1861437554727239906","false","false",
"false","true","https://pbs.twimg.com/profile_banners/16331010/1664401115","Wed Sep 17 15:50:22 +0000 2008","Breaking entertainment news as it happens.","TMZ.com","http://www.TMZ.com","0","23","https://t.co/LQPPfVeJqW","0","1381","8183026","925","true","16331010","true","false","false","Los Angeles, CA","57198","TMZ","false","https://pbs.twimg.com/profile_images/948698715220410368/EkNILtvi_normal.jpg","","463612","https://twitter.com/TMZ","user","https://x.com/TMZ","TMZ","Business","Jack Smith Dropping Jan. 6 Charges Against Donald Trump   |  Click to read more 👇 https://t.co/JuwPGlgsnZ","Mon Nov 25 19:14:20 +0000 2024","163","49727","15","80","4","5",,,"false","1861126290822021627","false","false",
"false","true","https://pbs.twimg.com/profile_banners/16331010/1664401115","Wed Sep 17 15:50:22 +0000 2008","Breaking entertainment news as it happens.","TMZ.com","http://www.TMZ.com","0","23","https://t.co/LQPPfVeJqW","0","1381","8183026","925","true","16331010","true","false","false","Los Angeles, CA","57198","TMZ","false","https://pbs.twimg.com/profile_images/948698715220410368/EkNILtvi_normal.jpg","","463612","https://twitter.com/TMZ","user","https://x.com/TMZ","TMZ","Business","ICYMI: #BillMaher went off the rails Friday night over liberals who are boycotting Trump family members during the holidays. https://t.co/sWqy55VGgC","Sun Nov 24 10:00:06 +0000 2024","48","37823","6","17","1","2","https://pbs.twimg.com/media/GdJEDdNWUAAcqxl.jpg",,"false","1860624424887550123","false","false",
"false","true","https://pbs.twimg.com/profile_banners/16331010/1664401115","Wed Sep 17 15:50:22 +0000 2008","Breaking entertainment news as it happens.","TMZ.com","http://www.TMZ.com","0","23","https://t.co/LQPPfVeJqW","0","1381","8183026","925","true","16331010","true","false","false","Los Angeles, CA","57198","TMZ","false","https://pbs.twimg.com/profile_images/948698715220410368/EkNILtvi_normal.jpg","","463612","https://twitter.com/TMZ","user","https://x.com/TMZ","TMZ","Business","Incoming Trump White House Press Secretary Laughs at Ellen DeGeneres Leaving U.S.   |  Click to read more 👇 https://t.co/pw1UGxRtJl","Thu Nov 21 21:05:42 +0000 2024","322","60579","16","107","6","3",,,"false","1859704764088344910","false","false",
"false","true","https://pbs.twimg.com/profile_banners/16331010/1664401115","Wed Sep 17 15:50:22 +0000 2008","Breaking entertainment news as it happens.","TMZ.com","http://www.TMZ.com","0","23","https://t.co/LQPPfVeJqW","0","1381","8183026","925","true","16331010","true","false","false","Los Angeles, CA","57198","TMZ","false","https://pbs.twimg.com/profile_images/948698715220410368/EkNILtvi_normal.jpg","","463612","https://twitter.com/TMZ","user","https://x.com/TMZ","TMZ","Business","Matt Gaetz Says He's Withdrawing From Trump's Attorney General Nomination   |  Click to read more 👇 https://t.co/yRhjqxJvDD","Thu Nov 21 17:54:17 +0000 2024","194","64074","47","67","9","2",,,"false","1859656594633462143","false","false",
"false","true","https://pbs.twimg.com/profile_banners/16331010/1664401115","Wed Sep 17 15:50:22 +0000 2008","Breaking entertainment news as it happens.","TMZ.com","http://www.TMZ.com","0","23","https://t.co/LQPPfVeJqW","0","1381","8183026","925","true","16331010","true","false","false","Los Angeles, CA","57198","TMZ","false","https://pbs.twimg.com/profile_images/948698715220410368/EkNILtvi_normal.jpg","","463612","https://twitter.com/TMZ","user","https://x.com/TMZ","TMZ","Business","Ellen DeGeneres &amp; Portia de Rossi Move to England After Trump Election Win   |  Click to read more 👇 https://t.co/wWMi9zzg4W","Wed Nov 20 22:03:46 +0000 2024","2473","899621","203","1110","274","85",,,"false","1859356989127553032","false","false",
"false","true","https://pbs.twimg.com/profile_banners/16331010/1664401115","Wed Sep 17 15:50:22 +0000 2008","Breaking entertainment news as it happens.","TMZ.com","http://www.TMZ.com","0","23","https://t.co/LQPPfVeJqW","0","1381","8183026","925","true","16331010","true","false","false","Los Angeles, CA","57198","TMZ","false","https://pbs.twimg.com/profile_images/948698715220410368/EkNILtvi_normal.jpg","","463612","https://twitter.com/TMZ","user","https://x.com/TMZ","TMZ","Business","Christian Pulisic was seen on Monday night hitting the Donald Trump dance after a goal. https://t.co/db0zBYrZYi","Tue Nov 19 22:00:27 +0000 2024","69","36505","12","20","1","0","https://pbs.twimg.com/media/Gcx4-nLWIAA4uuK.jpg",,"false","1858993767493091561","false","false",
"false","true","https://pbs.twimg.com/profile_banners/16331010/1664401115","Wed Sep 17 15:50:22 +0000 2008","Breaking entertainment news as it happens.","TMZ.com","http://www.TMZ.com","0","23","https://t.co/LQPPfVeJqW","0","1381","8183026","925","true","16331010","true","false","false","Los Angeles, CA","57198","TMZ","false","https://pbs.twimg.com/profile_images/948698715220410368/EkNILtvi_normal.jpg","","463612","https://twitter.com/TMZ","user","https://x.com/TMZ","TMZ","Business","Jon Jones Does Trump Dance after KO at UFC 309   |  Click to read more 👇 https://t.co/i0HeyteCBP","Sun Nov 17 14:03:03 +0000 2024","244","55344","24","23","4","1",,,"false","1858148850709532741","false","false",
"false","true","https://pbs.twimg.com/profile_banners/16331010/1664401115","Wed Sep 17 15:50:22 +0000 2008","Breaking entertainment news as it happens.","TMZ.com","http://www.TMZ.com","0","23","https://t.co/LQPPfVeJqW","0","1381","8183026","925","true","16331010","true","false","false","Los Angeles, CA","57198","TMZ","false","https://pbs.twimg.com/profile_images/948698715220410368/EkNILtvi_normal.jpg","","463612","https://twitter.com/TMZ","user","https://x.com/TMZ","TMZ","Business","Donald Trump Attends UFC 309 W/ Elon Musk, RFK Jr., Gets Massive Ovation!   |  Click to read more 👇 https://t.co/S4CqdRGTnl","Sun Nov 17 04:13:10 +0000 2024","626","71167","53","89","10","11",,,"false","1858000403549311421","false","false",
"false","true","https://pbs.twimg.com/profile_banners/16331010/1664401115","Wed Sep 17 15:50:22 +0000 2008","Breaking entertainment news as it happens.","TMZ.com","http://www.TMZ.com","0","23","https://t.co/LQPPfVeJqW","0","1381","8183026","925","true","16331010","true","false","false","Los Angeles, CA","57198","TMZ","false","https://pbs.twimg.com/profile_images/948698715220410368/EkNILtvi_normal.jpg","","463612","https://twitter.com/TMZ","user","https://x.com/TMZ","TMZ","Business","Michael Moore Says Americans Are Not Good People, Electing Trump Latest Crime   |  Click to read more 👇 https://t.co/B6d9toxtwl","Sat Nov 16 19:48:34 +0000 2024","196","61098","24","152","7","6",,,"false","1857873417350848621","false","false",
"false","true","https://pbs.twimg.com/profile_banners/16331010/1664401115","Wed Sep 17 15:50:22 +0000 2008","Breaking entertainment news as it happens.","TMZ.com","http://www.TMZ.com","0","23","https://t.co/LQPPfVeJqW","0","1381","8183026","925","true","16331010","true","false","false","Los Angeles, CA","57198","TMZ","false","https://pbs.twimg.com/profile_images/948698715220410368/EkNILtvi_normal.jpg","","463612","https://twitter.com/TMZ","user","https://x.com/TMZ","TMZ","Business","Donald Trump Jokes Elon Musk Likes Mar-a-Lago So Much, He Can't Get Him Out   |  Click to read more 👇 https://t.co/S9AxPMSYm6","Fri Nov 15 15:07:42 +0000 2024","74","36740","10","27","3","3",,,"false","1857440345543319578","false","false",
"false","true","https://pbs.twimg.com/profile_banners/16331010/1664401115","Wed Sep 17 15:50:22 +0000 2008","Breaking entertainment news as it happens.","TMZ.com","http://www.TMZ.com","0","23","https://t.co/LQPPfVeJqW","0","1381","8183026","925","true","16331010","true","false","false","Los Angeles, CA","57198","TMZ","false","https://pbs.twimg.com/profile_images/948698715220410368/EkNILtvi_normal.jpg","","463612","https://twitter.com/TMZ","user","https://x.com/TMZ","TMZ","Business","Sylvester Stallone Compares Donald Trump to his Famous Character Rocky Balboa   |  Click to read more 👇 https://t.co/FbQlzpzClZ","Fri Nov 15 12:04:40 +0000 2024","181","57755","16","60","5","8",,,"false","1857394284632183201","false","false",
"false","true","https://pbs.twimg.com/profile_banners/16331010/1664401115","Wed Sep 17 15:50:22 +0000 2008","Breaking entertainment news as it happens.","TMZ.com","http://www.TMZ.com","0","23","https://t.co/LQPPfVeJqW","0","1381","8183026","925","true","16331010","true","false","false","Los Angeles, CA","57198","TMZ","false","https://pbs.twimg.com/profile_images/948698715220410368/EkNILtvi_normal.jpg","","463612","https://twitter.com/TMZ","user","https://x.com/TMZ","TMZ","Business","Pete Hegseth's nomination by Donald Trump for U.S. Secretary of Defense has sparked quite a bit of chatter ... especially regarding the Fox News host's aim -- or lack thereof. https://t.co/godz0PJ3ns","Thu Nov 14 05:00:14 +0000 2024","32","32970","13","21","0","0","https://pbs.twimg.com/media/GcUfhdDW0AAunWI.jpg",,"false","1856925083635204593","false","false",
"false","true","https://pbs.twimg.com/profile_banners/16331010/1664401115","Wed Sep 17 15:50:22 +0000 2008","Breaking entertainment news as it happens.","TMZ.com","http://www.TMZ.com","0","23","https://t.co/LQPPfVeJqW","0","1381","8183026","925","true","16331010","true","false","false","Los Angeles, CA","57198","TMZ","false","https://pbs.twimg.com/profile_images/948698715220410368/EkNILtvi_normal.jpg","","463612","https://twitter.com/TMZ","user","https://x.com/TMZ","TMZ","Business","Donald Trump Visits White House to Meet President Biden, Melania Declines   |  Click to read more 👇 https://t.co/Hsx7AYcszG","Wed Nov 13 16:03:32 +0000 2024","55","41436","6","29","1","2",,,"false","1856729620772429939","false","false",
"false","true","https://pbs.twimg.com/profile_banners/16331010/1664401115","Wed Sep 17 15:50:22 +0000 2008","Breaking entertainment news as it happens.","TMZ.com","http://www.TMZ.com","0","23","https://t.co/LQPPfVeJqW","0","1381","8183026","925","true","16331010","true","false","false","Los Angeles, CA","57198","TMZ","false","https://pbs.twimg.com/profile_images/948698715220410368/EkNILtvi_normal.jpg","","463612","https://twitter.com/TMZ","user","https://x.com/TMZ","TMZ","Business","Joe Rogan Says Elon Musk Developed a Custom App, Knew Trump Won Early   |  Click to read more 👇 https://t.co/k24sII5GeY","Tue Nov 12 18:47:10 +0000 2024","94","46564","23","27","4","6",,,"false","1856408414076690456","false","false",
"false","true","https://pbs.twimg.com/profile_banners/16331010/1664401115","Wed Sep 17 15:50:22 +0000 2008","Breaking entertainment news as it happens.","TMZ.com","http://www.TMZ.com","0","23","https://t.co/LQPPfVeJqW","0","1381","8183026","925","true","16331010","true","false","false","Los Angeles, CA","57198","TMZ","false","https://pbs.twimg.com/profile_images/948698715220410368/EkNILtvi_normal.jpg","","463612","https://twitter.com/TMZ","user","https://x.com/TMZ","TMZ","Business","Donald Trump Praises Nick Bosa After 'YMCA' Sack Celebration   |  Click to read more 👇 https://t.co/KHWlAM1kJF","Mon Nov 11 15:34:26 +0000 2024","209","47170","13","29","2","0",,,"false","1855997520088027496","false","false",
"false","true","https://pbs.twimg.com/profile_banners/16331010/1664401115","Wed Sep 17 15:50:22 +0000 2008","Breaking entertainment news as it happens.","TMZ.com","http://www.TMZ.com","0","23","https://t.co/LQPPfVeJqW","0","1381","8183026","925","true","16331010","true","false","false","Los Angeles, CA","57198","TMZ","false","https://pbs.twimg.com/profile_images/948698715220410368/EkNILtvi_normal.jpg","","463612","https://twitter.com/TMZ","user","https://x.com/TMZ","TMZ","Business","Elon Musk Blasts 'SNL' for Mocking Him, Says They're Mad Trump Won   |  Click to read more 👇 https://t.co/py49AtO66B","Sun Nov 10 20:31:43 +0000 2024","389","100392","41","133","5","13",,,"false","1855709947788394948","false","false",
"false","true","https://pbs.twimg.com/profile_banners/16331010/1664401115","Wed Sep 17 15:50:22 +0000 2008","Breaking entertainment news as it happens.","TMZ.com","http://www.TMZ.com","0","23","https://t.co/LQPPfVeJqW","0","1381","8183026","925","true","16331010","true","false","false","Los Angeles, CA","57198","TMZ","false","https://pbs.twimg.com/profile_images/948698715220410368/EkNILtvi_normal.jpg","","463612","https://twitter.com/TMZ","user","https://x.com/TMZ","TMZ","Business","'SNL' Cast Says No Retaliation Worries Because They Always Loved Trump   |  Click to read more 👇 https://t.co/i0fxWbqsoD","Sun Nov 10 14:03:10 +0000 2024","109","76756","17","70","2","5",,,"false","1855612165232726452","false","false",
"false","true","https://pbs.twimg.com/profile_banners/16331010/1664401115","Wed Sep 17 15:50:22 +0000 2008","Breaking entertainment news as it happens.","TMZ.com","http://www.TMZ.com","0","23","https://t.co/LQPPfVeJqW","0","1381","8183026","925","true","16331010","true","false","false","Los Angeles, CA","57198","TMZ","false","https://pbs.twimg.com/profile_images/948698715220410368/EkNILtvi_normal.jpg","","463612","https://twitter.com/TMZ","user","https://x.com/TMZ","TMZ","Business","Donald Trump Jr. decided to celebrate his dad's presidential reelection victory with a joke about domestic violence -- and it certainly got a lot of reaction. https://t.co/IjHC36QqHc","Sat Nov 09 22:00:07 +0000 2024","153","116282","23","196","16","14","https://pbs.twimg.com/media/Gb-ZAXVbIAAgdKz.jpg",,"false","1855369805852791120","false","false",
"false","true","https://pbs.twimg.com/profile_banners/16331010/1664401115","Wed Sep 17 15:50:22 +0000 2008","Breaking entertainment news as it happens.","TMZ.com","http://www.TMZ.com","0","23","https://t.co/LQPPfVeJqW","0","1381","8183026","925","true","16331010","true","false","false","Los Angeles, CA","57198","TMZ","false","https://pbs.twimg.com/profile_images/948698715220410368/EkNILtvi_normal.jpg","","463612","https://twitter.com/TMZ","user","https://x.com/TMZ","TMZ","Business","Peanut the Squirrel Controversy Likely Contributed to Trump Win, Owner Believes   |  Click to read more 👇 https://t.co/yu05QscLD9","Sat Nov 09 18:38:06 +0000 2024","558","75931","138","143","25","31",,,"false","1855318968212259283","false","false",
"false","true","https://pbs.twimg.com/profile_banners/16331010/1664401115","Wed Sep 17 15:50:22 +0000 2008","Breaking entertainment news as it happens.","TMZ.com","http://www.TMZ.com","0","23","https://t.co/LQPPfVeJqW","0","1381","8183026","925","true","16331010","true","false","false","Los Angeles, CA","57198","TMZ","false","https://pbs.twimg.com/profile_images/948698715220410368/EkNILtvi_normal.jpg","","463612","https://twitter.com/TMZ","user","https://x.com/TMZ","TMZ","Business","Sally Field Trashes Harris-Walz Signs Shortly After Trump Victory   |  Click to read more 👇 https://t.co/um3LPWv6CD","Sat Nov 09 15:47:13 +0000 2024","360","88376","38","111","15","12",,,"false","1855275962646118586","false","false",
"false","true","https://pbs.twimg.com/profile_banners/16331010/1664401115","Wed Sep 17 15:50:22 +0000 2008","Breaking entertainment news as it happens.","TMZ.com","http://www.TMZ.com","0","23","https://t.co/LQPPfVeJqW","0","1381","8183026","925","true","16331010","true","false","false","Los Angeles, CA","57198","TMZ","false","https://pbs.twimg.com/profile_images/948698715220410368/EkNILtvi_normal.jpg","","463612","https://twitter.com/TMZ","user","https://x.com/TMZ","TMZ","Business","Kid Rock Celebrates Trump Win With Crotch Grab, Thoughtful Country Unity Request   |  Click to read more 👇 https://t.co/CtsLRTQMNW","Sat Nov 09 14:52:46 +0000 2024","86","49435","12","41","1","2",,,"false","1855262260995727669","false","false",
"false","true","https://pbs.twimg.com/profile_banners/16331010/1664401115","Wed Sep 17 15:50:22 +0000 2008","Breaking entertainment news as it happens.","TMZ.com","http://www.TMZ.com","0","23","https://t.co/LQPPfVeJqW","0","1381","8183026","925","true","16331010","true","false","false","Los Angeles, CA","57198","TMZ","false","https://pbs.twimg.com/profile_images/948698715220410368/EkNILtvi_normal.jpg","","463612","https://twitter.com/TMZ","user","https://x.com/TMZ","TMZ","Business","Donald Trump Jr. Post Domestic Violence Joke After Dad's 2nd Victory Over a Woman   |  Click to read more 👇 https://t.co/WHVaWLNex0","Sat Nov 09 01:06:03 +0000 2024","129","112062","27","272","11","16",,,"false","1855054209185394850","false","false",
"false","true","https://pbs.twimg.com/profile_banners/16331010/1664401115","Wed Sep 17 15:50:22 +0000 2008","Breaking entertainment news as it happens.","TMZ.com","http://www.TMZ.com","0","23","https://t.co/LQPPfVeJqW","0","1381","8183026","925","true","16331010","true","false","false","Los Angeles, CA","57198","TMZ","false","https://pbs.twimg.com/profile_images/948698715220410368/EkNILtvi_normal.jpg","","463612","https://twitter.com/TMZ","user","https://x.com/TMZ","TMZ","Business","Nicole Scherzinger is catching flak online ... all because she posted a supportive reply to a Russell Brand post about Donald Trump winning the election. https://t.co/9FDiosy76S","Fri Nov 08 20:00:24 +0000 2024","67","36455","6","40","1","4","https://pbs.twimg.com/media/Gb40A87WEAA2_lu.jpg",,"false","1854977290226057432","false","false",
"false","true","https://pbs.twimg.com/profile_banners/16331010/1664401115","Wed Sep 17 15:50:22 +0000 2008","Breaking entertainment news as it happens.","TMZ.com","http://www.TMZ.com","0","23","https://t.co/LQPPfVeJqW","0","1381","8183026","925","true","16331010","true","false","false","Los Angeles, CA","57198","TMZ","false","https://pbs.twimg.com/profile_images/948698715220410368/EkNILtvi_normal.jpg","","463612","https://twitter.com/TMZ","user","https://x.com/TMZ","TMZ","Business","Secret Service Robot Dogs Protect Mar-a-Lago After Trump Win   |  Click to read more 👇 https://t.co/RA3FssuJvz","Fri Nov 08 14:57:27 +0000 2024","109","46273","22","15","7","5",,,"false","1854901050748109154","false","false",
"false","true","https://pbs.twimg.com/profile_banners/16331010/1664401115","Wed Sep 17 15:50:22 +0000 2008","Breaking entertainment news as it happens.","TMZ.com","http://www.TMZ.com","0","23","https://t.co/LQPPfVeJqW","0","1381","8183026","925","true","16331010","true","false","false","Los Angeles, CA","57198","TMZ","false","https://pbs.twimg.com/profile_images/948698715220410368/EkNILtvi_normal.jpg","","463612","https://twitter.com/TMZ","user","https://x.com/TMZ","TMZ","Business","Joe Rogan Gives Advice To President Elect Donald Trump: Don't Attack Democrats   |  Click to read more 👇 https://t.co/yvDmGApqOr","Fri Nov 08 12:41:07 +0000 2024","244","78011","20","79","8","10",,,"false","1854866739965624809","false","false",
"false","true","https://pbs.twimg.com/profile_banners/16331010/1664401115","Wed Sep 17 15:50:22 +0000 2008","Breaking entertainment news as it happens.","TMZ.com","http://www.TMZ.com","0","23","https://t.co/LQPPfVeJqW","0","1381","8183026","925","true","16331010","true","false","false","Los Angeles, CA","57198","TMZ","false","https://pbs.twimg.com/profile_images/948698715220410368/EkNILtvi_normal.jpg","","463612","https://twitter.com/TMZ","user","https://x.com/TMZ","TMZ","Business","John Hinckley Jr. Tells X Users To Stop Asking Him to Harm Donald Trump   |  Click to read more 👇 https://t.co/o9LAXZ7XBH","Fri Nov 08 02:44:04 +0000 2024","50","51807","20","27","7","6",,,"false","1854716489586061688","false","false",
"false","true","https://pbs.twimg.com/profile_banners/16331010/1664401115","Wed Sep 17 15:50:22 +0000 2008","Breaking entertainment news as it happens.","TMZ.com","http://www.TMZ.com","0","23","https://t.co/LQPPfVeJqW","0","1381","8183026","925","true","16331010","true","false","false","Los Angeles, CA","57198","TMZ","false","https://pbs.twimg.com/profile_images/948698715220410368/EkNILtvi_normal.jpg","","463612","https://twitter.com/TMZ","user","https://x.com/TMZ","TMZ","Business","Vladimir Putin Congratulates Donald Trump, Calls Him a 'Brave' Man   |  Click to read more 👇 https://t.co/MyS56KDeUx","Thu Nov 07 22:15:52 +0000 2024","172","50404","23","44","12","4",,,"false","1854648993361334620","false","false",
"false","true","https://pbs.twimg.com/profile_banners/16331010/1664401115","Wed Sep 17 15:50:22 +0000 2008","Breaking entertainment news as it happens.","TMZ.com","http://www.TMZ.com","0","23","https://t.co/LQPPfVeJqW","0","1381","8183026","925","true","16331010","true","false","false","Los Angeles, CA","57198","TMZ","false","https://pbs.twimg.com/profile_images/948698715220410368/EkNILtvi_normal.jpg","","463612","https://twitter.com/TMZ","user","https://x.com/TMZ","TMZ","Business","Madonna Eats 'F*** Trump' Cake After Election   |  Click to read more 👇 https://t.co/W9Im9Ua5g1","Thu Nov 07 22:15:51 +0000 2024","273","86271","42","317","13","6",,,"false","1854648991352291520","false","false",
"false","true","https://pbs.twimg.com/profile_banners/16331010/1664401115","Wed Sep 17 15:50:22 +0000 2008","Breaking entertainment news as it happens.","TMZ.com","http://www.TMZ.com","0","23","https://t.co/LQPPfVeJqW","0","1381","8183026","925","true","16331010","true","false","false","Los Angeles, CA","57198","TMZ","false","https://pbs.twimg.com/profile_images/948698715220410368/EkNILtvi_normal.jpg","","463612","https://twitter.com/TMZ","user","https://x.com/TMZ","TMZ","Business","#President #JoeBiden is speaking out after #DonaldTrump emerged victorious in the #2024 presidential #election ... addressing the nation in the wake of Trump's historic win. Full story in bio! https://t.co/1I61t34xuo","Thu Nov 07 22:10:50 +0000 2024","62","46641","13","22","3","9","https://pbs.twimg.com/amplify_video_thumb/1854647133879910402/img/84Z2RL5cAeCbwuA9.jpg",,"false","1854647728095347024","false","false",
"false","true","https://pbs.twimg.com/profile_banners/16331010/1664401115","Wed Sep 17 15:50:22 +0000 2008","Breaking entertainment news as it happens.","TMZ.com","http://www.TMZ.com","0","23","https://t.co/LQPPfVeJqW","0","1381","8183026","925","true","16331010","true","false","false","Los Angeles, CA","57198","TMZ","false","https://pbs.twimg.com/profile_images/948698715220410368/EkNILtvi_normal.jpg","","463612","https://twitter.com/TMZ","user","https://x.com/TMZ","TMZ","Business","Sunny Hostin Blames 'Uneducated' White Women for Trump Reelection, Watch Video   |  Click to read more 👇 https://t.co/uTCJF8EpSC","Thu Nov 07 19:36:26 +0000 2024","661","138123","121","600","34","28",,,"false","1854608869047017569","false","false",
"false","true","https://pbs.twimg.com/profile_banners/16331010/1664401115","Wed Sep 17 15:50:22 +0000 2008","Breaking entertainment news as it happens.","TMZ.com","http://www.TMZ.com","0","23","https://t.co/LQPPfVeJqW","0","1381","8183026","925","true","16331010","true","false","false","Los Angeles, CA","57198","TMZ","false","https://pbs.twimg.com/profile_images/948698715220410368/EkNILtvi_normal.jpg","","463612","https://twitter.com/TMZ","user","https://x.com/TMZ","TMZ","Business","Roger Clemens Calls Out Americans Who Said They'd Flee Country If Trump Won   |  Click to read more 👇 https://t.co/6COeu4Sgl1","Thu Nov 07 17:27:48 +0000 2024","160","45624","18","61","2","1",,,"false","1854576499556299125","false","false",
"false","true","https://pbs.twimg.com/profile_banners/16331010/1664401115","Wed Sep 17 15:50:22 +0000 2008","Breaking entertainment news as it happens.","TMZ.com","http://www.TMZ.com","0","23","https://t.co/LQPPfVeJqW","0","1381","8183026","925","true","16331010","true","false","false","Los Angeles, CA","57198","TMZ","false","https://pbs.twimg.com/profile_images/948698715220410368/EkNILtvi_normal.jpg","","463612","https://twitter.com/TMZ","user","https://x.com/TMZ","TMZ","Business","Elon Musk's Daughter Says She's Leaving U.S. After Trump's Presidential Win   |  Click to read more 👇 https://t.co/YeYXYEb4tr","Thu Nov 07 15:08:10 +0000 2024","513","83890","71","323","13","24",,,"false","1854541359165669465","false","false",
"false","true","https://pbs.twimg.com/profile_banners/16331010/1664401115","Wed Sep 17 15:50:22 +0000 2008","Breaking entertainment news as it happens.","TMZ.com","http://www.TMZ.com","0","23","https://t.co/LQPPfVeJqW","0","1381","8183026","925","true","16331010","true","false","false","Los Angeles, CA","57198","TMZ","false","https://pbs.twimg.com/profile_images/948698715220410368/EkNILtvi_normal.jpg","","463612","https://twitter.com/TMZ","user","https://x.com/TMZ","TMZ","Business","Billie Eilish Rips Into 'Predator' Donald Trump During Nashville Show   |  Click to read more 👇 https://t.co/TvL9nXL2lH","Thu Nov 07 14:47:25 +0000 2024","255","84759","28","382","7","5",,,"false","1854536137101967423","false","false",
"false","true","https://pbs.twimg.com/profile_banners/16331010/1664401115","Wed Sep 17 15:50:22 +0000 2008","Breaking entertainment news as it happens.","TMZ.com","http://www.TMZ.com","0","23","https://t.co/LQPPfVeJqW","0","1381","8183026","925","true","16331010","true","false","false","Los Angeles, CA","57198","TMZ","false","https://pbs.twimg.com/profile_images/948698715220410368/EkNILtvi_normal.jpg","","463612","https://twitter.com/TMZ","user","https://x.com/TMZ","TMZ","Business","Jimmy Kimmel Says Donald Trump's Victory Over Kamala Harris Was a 'Terrible Night'   |  Click to read more 👇 https://t.co/QOHa3tCQ8b","Thu Nov 07 13:21:03 +0000 2024","527","115595","32","385","13","15",,,"false","1854514401149059353","false","false",
"false","true","https://pbs.twimg.com/profile_banners/16331010/1664401115","Wed Sep 17 15:50:22 +0000 2008","Breaking entertainment news as it happens.","TMZ.com","http://www.TMZ.com","0","23","https://t.co/LQPPfVeJqW","0","1381","8183026","925","true","16331010","true","false","false","Los Angeles, CA","57198","TMZ","false","https://pbs.twimg.com/profile_images/948698715220410368/EkNILtvi_normal.jpg","","463612","https://twitter.com/TMZ","user","https://x.com/TMZ","TMZ","Business","One of the richest men in the world is congratulating #DonaldTrump for winning back the presidency -- with #JeffBezos sending Trump major props. https://t.co/mAYXVrOxgy","Thu Nov 07 06:00:01 +0000 2024","117","41640","13","25","4","1","https://pbs.twimg.com/media/GbwqE75WUBAv545.jpg",,"false","1854403415062827292","false","false",
"false","true","https://pbs.twimg.com/profile_banners/16331010/1664401115","Wed Sep 17 15:50:22 +0000 2008","Breaking entertainment news as it happens.","TMZ.com","http://www.TMZ.com","0","23","https://t.co/LQPPfVeJqW","0","1381","8183026","925","true","16331010","true","false","false","Los Angeles, CA","57198","TMZ","false","https://pbs.twimg.com/profile_images/948698715220410368/EkNILtvi_normal.jpg","","463612","https://twitter.com/TMZ","user","https://x.com/TMZ","TMZ","Business","Jay Leno Says Election Was Great Day For Democracy, Trump Won Fairly   |  Click to read more 👇 https://t.co/zQRwXRd3ma","Thu Nov 07 01:34:28 +0000 2024","555","66526","41","34","1","8",,,"false","1854336583534596607","false","false",
"false","true","https://pbs.twimg.com/profile_banners/16331010/1664401115","Wed Sep 17 15:50:22 +0000 2008","Breaking entertainment news as it happens.","TMZ.com","http://www.TMZ.com","0","23","https://t.co/LQPPfVeJqW","0","1381","8183026","925","true","16331010","true","false","false","Los Angeles, CA","57198","TMZ","false","https://pbs.twimg.com/profile_images/948698715220410368/EkNILtvi_normal.jpg","","463612","https://twitter.com/TMZ","user","https://x.com/TMZ","TMZ","Business","Barack &amp; Michelle Obama Congratulate Trump, Say Election Outcome Wasn't What They Hoped For   |  Click to read more 👇 https://t.co/zpV2jpsnuS","Thu Nov 07 00:07:46 +0000 2024","121","70680","14","93","6","7",,,"false","1854314768225464554","false","false",
"false","true","https://pbs.twimg.com/profile_banners/16331010/1664401115","Wed Sep 17 15:50:22 +0000 2008","Breaking entertainment news as it happens.","TMZ.com","http://www.TMZ.com","0","23","https://t.co/LQPPfVeJqW","0","1381","8183026","925","true","16331010","true","false","false","Los Angeles, CA","57198","TMZ","false","https://pbs.twimg.com/profile_images/948698715220410368/EkNILtvi_normal.jpg","","463612","https://twitter.com/TMZ","user","https://x.com/TMZ","TMZ","Business","Kamala Harris Calls to Congratulate President-Elect Donald Trump   |  Click to read more 👇 https://t.co/Z5K5Z7uZrE","Wed Nov 06 20:02:52 +0000 2024","199","86940","35","78","13","10",,,"false","1854253135138623947","false","false",
"false","true","https://pbs.twimg.com/profile_banners/16331010/1664401115","Wed Sep 17 15:50:22 +0000 2008","Breaking entertainment news as it happens.","TMZ.com","http://www.TMZ.com","0","23","https://t.co/LQPPfVeJqW","0","1381","8183026","925","true","16331010","true","false","false","Los Angeles, CA","57198","TMZ","false","https://pbs.twimg.com/profile_images/948698715220410368/EkNILtvi_normal.jpg","","463612","https://twitter.com/TMZ","user","https://x.com/TMZ","TMZ","Business","Sauce Walka Celebrates Donald Trump Win, Calling Presidency 'A Man's Job'   |  Click to read more 👇 https://t.co/a6ktUDDAcU","Wed Nov 06 19:30:51 +0000 2024","28","43542","7","8","1","1",,,"false","1854245077872267522","false","false",
"false","true","https://pbs.twimg.com/profile_banners/16331010/1664401115","Wed Sep 17 15:50:22 +0000 2008","Breaking entertainment news as it happens.","TMZ.com","http://www.TMZ.com","0","23","https://t.co/LQPPfVeJqW","0","1381","8183026","925","true","16331010","true","false","false","Los Angeles, CA","57198","TMZ","false","https://pbs.twimg.com/profile_images/948698715220410368/EkNILtvi_normal.jpg","","463612","https://twitter.com/TMZ","user","https://x.com/TMZ","TMZ","Business","John Hinckley Jr. Asked by X Users to Assassinate Donald Trump   |  Click to read more 👇 https://t.co/pMOm9Bwt8w","Wed Nov 06 19:21:37 +0000 2024","144","89608","55","71","18","13",,,"false","1854242755871969734","false","false",
"false","true","https://pbs.twimg.com/profile_banners/16331010/1664401115","Wed Sep 17 15:50:22 +0000 2008","Breaking entertainment news as it happens.","TMZ.com","http://www.TMZ.com","0","23","https://t.co/LQPPfVeJqW","0","1381","8183026","925","true","16331010","true","false","false","Los Angeles, CA","57198","TMZ","false","https://pbs.twimg.com/profile_images/948698715220410368/EkNILtvi_normal.jpg","","463612","https://twitter.com/TMZ","user","https://x.com/TMZ","TMZ","Business","Donald Trump Vanity Fair Cover Notes Felonies, Impeachments, Bankruptcies   |  Click to read more 👇 https://t.co/ElHAacRbar","Wed Nov 06 18:28:51 +0000 2024","83","59068","14","83","6","3",,,"false","1854229476420342014","false","false",
"false","true","https://pbs.twimg.com/profile_banners/16331010/1664401115","Wed Sep 17 15:50:22 +0000 2008","Breaking entertainment news as it happens.","TMZ.com","http://www.TMZ.com","0","23","https://t.co/LQPPfVeJqW","0","1381","8183026","925","true","16331010","true","false","false","Los Angeles, CA","57198","TMZ","false","https://pbs.twimg.com/profile_images/948698715220410368/EkNILtvi_normal.jpg","","463612","https://twitter.com/TMZ","user","https://x.com/TMZ","TMZ","Business","Elon Musk Net Worth Up $15 Billion with Trump Win, Cybertruck Motorcade Next?   |  Click to read more 👇 https://t.co/WbkeBbq8z8","Wed Nov 06 17:45:17 +0000 2024","137","51259","14","22","9","5",,,"false","1854218512530604361","false","false",
"false","true","https://pbs.twimg.com/profile_banners/16331010/1664401115","Wed Sep 17 15:50:22 +0000 2008","Breaking entertainment news as it happens.","TMZ.com","http://www.TMZ.com","0","23","https://t.co/LQPPfVeJqW","0","1381","8183026","925","true","16331010","true","false","false","Los Angeles, CA","57198","TMZ","false","https://pbs.twimg.com/profile_images/948698715220410368/EkNILtvi_normal.jpg","","463612","https://twitter.com/TMZ","user","https://x.com/TMZ","TMZ","Business","Bezos Congratulates Trump on Election Win After Scrapping WaPo Endorsement   |  Click to read more 👇 https://t.co/ah5MVOOqcR","Wed Nov 06 17:15:34 +0000 2024","97","56893","12","20","0","1",,,"false","1854211034174705980","false","false",
"false","true","https://pbs.twimg.com/profile_banners/16331010/1664401115","Wed Sep 17 15:50:22 +0000 2008","Breaking entertainment news as it happens.","TMZ.com","http://www.TMZ.com","0","23","https://t.co/LQPPfVeJqW","0","1381","8183026","925","true","16331010","true","false","false","Los Angeles, CA","57198","TMZ","false","https://pbs.twimg.com/profile_images/948698715220410368/EkNILtvi_normal.jpg","","463612","https://twitter.com/TMZ","user","https://x.com/TMZ","TMZ","Business","50 Cent Congratulates President Donald Trump for Retaking White House   |  Click to read more 👇 https://t.co/IRLH0xObbD","Wed Nov 06 15:50:11 +0000 2024","826","312857","90","66","142","31",,,"false","1854189544842600620","false","false",
"false","true","https://pbs.twimg.com/profile_banners/16331010/1664401115","Wed Sep 17 15:50:22 +0000 2008","Breaking entertainment news as it happens.","TMZ.com","http://www.TMZ.com","0","23","https://t.co/LQPPfVeJqW","0","1381","8183026","925","true","16331010","true","false","false","Los Angeles, CA","57198","TMZ","false","https://pbs.twimg.com/profile_images/948698715220410368/EkNILtvi_normal.jpg","","463612","https://twitter.com/TMZ","user","https://x.com/TMZ","TMZ","Business","Le'Veon Bell Gloats About Donald Trump's Win, 'Joke's On You!'   |  Click to read more 👇 https://t.co/EFTyipTDUD","Wed Nov 06 15:18:16 +0000 2024","276","77915","14","38","8","4",,,"false","1854181515187363871","false","false",
"false","true","https://pbs.twimg.com/profile_banners/16331010/1664401115","Wed Sep 17 15:50:22 +0000 2008","Breaking entertainment news as it happens.","TMZ.com","http://www.TMZ.com","0","23","https://t.co/LQPPfVeJqW","0","1381","8183026","925","true","16331010","true","false","false","Los Angeles, CA","57198","TMZ","false","https://pbs.twimg.com/profile_images/948698715220410368/EkNILtvi_normal.jpg","","463612","https://twitter.com/TMZ","user","https://x.com/TMZ","TMZ","Business","Mark Cuban Congratulates Donald Trump on His Presidential Win   |  Click to read more 👇 https://t.co/ypppcV0l1f","Wed Nov 06 12:26:41 +0000 2024","228","84926","29","98","2","5",,,"false","1854138331782578258","false","false",
"false","true","https://pbs.twimg.com/profile_banners/16331010/1664401115","Wed Sep 17 15:50:22 +0000 2008","Breaking entertainment news as it happens.","TMZ.com","http://www.TMZ.com","0","23","https://t.co/LQPPfVeJqW","0","1381","8183026","925","true","16331010","true","false","false","Los Angeles, CA","57198","TMZ","false","https://pbs.twimg.com/profile_images/948698715220410368/EkNILtvi_normal.jpg","","463612","https://twitter.com/TMZ","user","https://x.com/TMZ","TMZ","Business","Trump Supporter Beefs With Poll Workers Over MAGA Hat in Michigan, on Video   |  Click to read more 👇 https://t.co/tmYfGoRYm5","Tue Nov 05 23:04:08 +0000 2024","103","81087","19","56","4","7",,,"false","1853936363533423080","false","false",
"false","true","https://pbs.twimg.com/profile_banners/16331010/1664401115","Wed Sep 17 15:50:22 +0000 2008","Breaking entertainment news as it happens.","TMZ.com","http://www.TMZ.com","0","23","https://t.co/LQPPfVeJqW","0","1381","8183026","925","true","16331010","true","false","false","Los Angeles, CA","57198","TMZ","false","https://pbs.twimg.com/profile_images/948698715220410368/EkNILtvi_normal.jpg","","463612","https://twitter.com/TMZ","user","https://x.com/TMZ","TMZ","Business","Joe Rogan Officially Endorses Donald Trump After Elon Musk Interview   |  Click to read more 👇 https://t.co/bkVhMckOJB","Tue Nov 05 15:47:56 +0000 2024","654","80013","50","170","8","5",,,"false","1853826593531072892","false","false",
"false","true","https://pbs.twimg.com/profile_banners/16331010/1664401115","Wed Sep 17 15:50:22 +0000 2008","Breaking entertainment news as it happens.","TMZ.com","http://www.TMZ.com","0","23","https://t.co/LQPPfVeJqW","0","1381","8183026","925","true","16331010","true","false","false","Los Angeles, CA","57198","TMZ","false","https://pbs.twimg.com/profile_images/948698715220410368/EkNILtvi_normal.jpg","","463612","https://twitter.com/TMZ","user","https://x.com/TMZ","TMZ","Business","Patrick Mahomes' Mom Supports Trump At Chiefs Game, Wears MAGA Hat   |  Click to read more 👇 https://t.co/WKYIQpBI1u","Tue Nov 05 14:33:06 +0000 2024","973","113296","68","216","19","9",,,"false","1853807759109607621","false","false",
"false","true","https://pbs.twimg.com/profile_banners/16331010/1664401115","Wed Sep 17 15:50:22 +0000 2008","Breaking entertainment news as it happens.","TMZ.com","http://www.TMZ.com","0","23","https://t.co/LQPPfVeJqW","0","1381","8183026","925","true","16331010","true","false","false","Los Angeles, CA","57198","TMZ","false","https://pbs.twimg.com/profile_images/948698715220410368/EkNILtvi_normal.jpg","","463612","https://twitter.com/TMZ","user","https://x.com/TMZ","TMZ","Business","Maitland Ward Doesn't Think Donald Trump Would Be Good For Porn Industry   |  Click to read more 👇 https://t.co/jn9RBqzDxr","Mon Nov 04 02:12:38 +0000 2024","286","179812","41","74","6","25",,,"false","1853259026571624653","false","false",
"false","true","https://pbs.twimg.com/profile_banners/16331010/1664401115","Wed Sep 17 15:50:22 +0000 2008","Breaking entertainment news as it happens.","TMZ.com","http://www.TMZ.com","0","23","https://t.co/LQPPfVeJqW","0","1381","8183026","925","true","16331010","true","false","false","Los Angeles, CA","57198","TMZ","false","https://pbs.twimg.com/profile_images/948698715220410368/EkNILtvi_normal.jpg","","463612","https://twitter.com/TMZ","user","https://x.com/TMZ","TMZ","Business","Donald Trump Says He's Fine If Someone Shoots 'Fake News Media' at Rally   |  Click to read more 👇 https://t.co/ARgITdVHER","Sun Nov 03 22:18:35 +0000 2024","140","87767","26","257","13","10",,,"false","1853200126279291382","false","false",
"false","true","https://pbs.twimg.com/profile_banners/16331010/1664401115","Wed Sep 17 15:50:22 +0000 2008","Breaking entertainment news as it happens.","TMZ.com","http://www.TMZ.com","0","23","https://t.co/LQPPfVeJqW","0","1381","8183026","925","true","16331010","true","false","false","Los Angeles, CA","57198","TMZ","false","https://pbs.twimg.com/profile_images/948698715220410368/EkNILtvi_normal.jpg","","463612","https://twitter.com/TMZ","user","https://x.com/TMZ","TMZ","Business","Kamala Harris Performs 'SNL' Cold Open, Takes Shot at Donald Trump   |  Click to read more 👇 https://t.co/gZYcBm4eNa","Sun Nov 03 04:50:31 +0000 2024","343","85695","33","153","2","13",,,"false","1852936372039946745","false","false",
"false","true","https://pbs.twimg.com/profile_banners/16331010/1664401115","Wed Sep 17 15:50:22 +0000 2008","Breaking entertainment news as it happens.","TMZ.com","http://www.TMZ.com","0","23","https://t.co/LQPPfVeJqW","0","1381","8183026","925","true","16331010","true","false","false","Los Angeles, CA","57198","TMZ","false","https://pbs.twimg.com/profile_images/948698715220410368/EkNILtvi_normal.jpg","","463612","https://twitter.com/TMZ","user","https://x.com/TMZ","TMZ","Business","Fake Trump Statement on Peanut The Squirrel Makes Social Media Go Nuts   |  Click to read more 👇 https://t.co/7a71ObXIpE","Sat Nov 02 17:51:37 +0000 2024","70","54419","21","44","3","4",,,"false","1852770552584253483","false","false",
"false","true","https://pbs.twimg.com/profile_banners/16331010/1664401115","Wed Sep 17 15:50:22 +0000 2008","Breaking entertainment news as it happens.","TMZ.com","http://www.TMZ.com","0","23","https://t.co/LQPPfVeJqW","0","1381","8183026","925","true","16331010","true","false","false","Los Angeles, CA","57198","TMZ","false","https://pbs.twimg.com/profile_images/948698715220410368/EkNILtvi_normal.jpg","","463612","https://twitter.com/TMZ","user","https://x.com/TMZ","TMZ","Business","Jennifer Lopez Endorses Kamala Harris for President, Blasts Trump   |  Click to read more 👇 https://t.co/t5Eqokulq5","Fri Nov 01 11:29:57 +0000 2024","616","130839","80","1066","44","13",,,"false","1852312117241626782","false","false",
"false","true","https://pbs.twimg.com/profile_banners/16331010/1664401115","Wed Sep 17 15:50:22 +0000 2008","Breaking entertainment news as it happens.","TMZ.com","http://www.TMZ.com","0","23","https://t.co/LQPPfVeJqW","0","1381","8183026","925","true","16331010","true","false","false","Los Angeles, CA","57198","TMZ","false","https://pbs.twimg.com/profile_images/948698715220410368/EkNILtvi_normal.jpg","","463612","https://twitter.com/TMZ","user","https://x.com/TMZ","TMZ","Business","J.D. Vance Tells Joe Rogan He Drove Home, Loaded His Guns After Trump Shooting   |  Click to read more 👇 https://t.co/t0Scz3yC8x","Thu Oct 31 20:42:43 +0000 2024","294","65652","23","145","9","4",,,"false","1852088838304256338","false","false",
"false","true","https://pbs.twimg.com/profile_banners/16331010/1664401115","Wed Sep 17 15:50:22 +0000 2008","Breaking entertainment news as it happens.","TMZ.com","http://www.TMZ.com","0","23","https://t.co/LQPPfVeJqW","0","1381","8183026","925","true","16331010","true","false","false","Los Angeles, CA","57198","TMZ","false","https://pbs.twimg.com/profile_images/948698715220410368/EkNILtvi_normal.jpg","","463612","https://twitter.com/TMZ","user","https://x.com/TMZ","TMZ","Business","Beyoncé's Father Says Trump Lied About Crowd Booing at Kamala Harris Rally   |  Click to read more 👇 https://t.co/JqpTVkJq7t","Thu Oct 31 19:30:00 +0000 2024","176","55284","31","206","4","3",,,"false","1852070536693551372","false","false",
"false","true","https://pbs.twimg.com/profile_banners/16331010/1664401115","Wed Sep 17 15:50:22 +0000 2008","Breaking entertainment news as it happens.","TMZ.com","http://www.TMZ.com","0","23","https://t.co/LQPPfVeJqW","0","1381","8183026","925","true","16331010","true","false","false","Los Angeles, CA","57198","TMZ","false","https://pbs.twimg.com/profile_images/948698715220410368/EkNILtvi_normal.jpg","","463612","https://twitter.com/TMZ","user","https://x.com/TMZ","TMZ","Business","Arnold Schwarzenegger is breaking from his political party by endorsing #KamalaHarris ahead of Election Day -- warning another Trump administration would be disastrous for the country. https://t.co/QvHyaONZSC","Thu Oct 31 04:00:13 +0000 2024","212","45840","30","117","4","6","https://pbs.twimg.com/media/GbMLhrFXUAA0RBp.jpg",,"false","1851836548162916362","false","false",
"false","true","https://pbs.twimg.com/profile_banners/16331010/1664401115","Wed Sep 17 15:50:22 +0000 2008","Breaking entertainment news as it happens.","TMZ.com","http://www.TMZ.com","0","23","https://t.co/LQPPfVeJqW","0","1381","8183026","925","true","16331010","true","false","false","Los Angeles, CA","57198","TMZ","false","https://pbs.twimg.com/profile_images/948698715220410368/EkNILtvi_normal.jpg","","463612","https://twitter.com/TMZ","user","https://x.com/TMZ","TMZ","Business","Donald Trump Mocks Beyoncé For Not Singing at Kamala Harris Rally   |  Click to read more 👇 https://t.co/sdb55vcrlZ","Thu Oct 31 00:26:09 +0000 2024","285","66644","22","131","9","6",,,"false","1851782676484702228","false","false",
"false","true","https://pbs.twimg.com/profile_banners/16331010/1664401115","Wed Sep 17 15:50:22 +0000 2008","Breaking entertainment news as it happens.","TMZ.com","http://www.TMZ.com","0","23","https://t.co/LQPPfVeJqW","0","1381","8183026","925","true","16331010","true","false","false","Los Angeles, CA","57198","TMZ","false","https://pbs.twimg.com/profile_images/948698715220410368/EkNILtvi_normal.jpg","","463612","https://twitter.com/TMZ","user","https://x.com/TMZ","TMZ","Business","Donald Trump Trolls President Biden With MAGA Garbage Truck   |  Click to read more 👇 https://t.co/kBYLakFbf7","Wed Oct 30 23:54:01 +0000 2024","1403","90147","111","380","12","8",,,"false","1851774591858864564","false","false",
"false","true","https://pbs.twimg.com/profile_banners/16331010/1664401115","Wed Sep 17 15:50:22 +0000 2008","Breaking entertainment news as it happens.","TMZ.com","http://www.TMZ.com","0","23","https://t.co/LQPPfVeJqW","0","1381","8183026","925","true","16331010","true","false","false","Los Angeles, CA","57198","TMZ","false","https://pbs.twimg.com/profile_images/948698715220410368/EkNILtvi_normal.jpg","","463612","https://twitter.com/TMZ","user","https://x.com/TMZ","TMZ","Business","Nicky Jam Revokes Endorsement of Donald Trump After MSG Rally   |  Click to read more 👇 https://t.co/d1v5L2f5vx","Wed Oct 30 20:00:39 +0000 2024","432","115573","62","564","27","11",,,"false","1851715864212504580","false","false",
"false","true","https://pbs.twimg.com/profile_banners/16331010/1664401115","Wed Sep 17 15:50:22 +0000 2008","Breaking entertainment news as it happens.","TMZ.com","http://www.TMZ.com","0","23","https://t.co/LQPPfVeJqW","0","1381","8183026","925","true","16331010","true","false","false","Los Angeles, CA","57198","TMZ","false","https://pbs.twimg.com/profile_images/948698715220410368/EkNILtvi_normal.jpg","","463612","https://twitter.com/TMZ","user","https://x.com/TMZ","TMZ","Business","Buzz Aldrin Endorses Donald Trump for President   |  Click to read more 👇 https://t.co/AT2Hm3AlCe","Wed Oct 30 18:15:16 +0000 2024","540","82420","44","145","25","8",,,"false","1851689343200428108","false","false",
"false","true","https://pbs.twimg.com/profile_banners/16331010/1664401115","Wed Sep 17 15:50:22 +0000 2008","Breaking entertainment news as it happens.","TMZ.com","http://www.TMZ.com","0","23","https://t.co/LQPPfVeJqW","0","1381","8183026","925","true","16331010","true","false","false","Los Angeles, CA","57198","TMZ","false","https://pbs.twimg.com/profile_images/948698715220410368/EkNILtvi_normal.jpg","","463612","https://twitter.com/TMZ","user","https://x.com/TMZ","TMZ","Business","Donald Trump Fires Back at President Biden Over 'Garbage' Supporters Comment   |  Click to read more 👇 https://t.co/ZvOG7iZghz","Wed Oct 30 17:00:57 +0000 2024","62","38126","11","78","3","3",,,"false","1851670637925835243","false","false",
"false","true","https://pbs.twimg.com/profile_banners/16331010/1664401115","Wed Sep 17 15:50:22 +0000 2008","Breaking entertainment news as it happens.","TMZ.com","http://www.TMZ.com","0","23","https://t.co/LQPPfVeJqW","0","1381","8183026","925","true","16331010","true","false","false","Los Angeles, CA","57198","TMZ","false","https://pbs.twimg.com/profile_images/948698715220410368/EkNILtvi_normal.jpg","","463612","https://twitter.com/TMZ","user","https://x.com/TMZ","TMZ","Business","50 Cent Turned Down $3M to Perform at Donald Trump MSG Rally, He Claims   |  Click to read more 👇 https://t.co/WP9uFJvoic","Tue Oct 29 16:08:32 +0000 2024","134","40375","22","47","4","1",,,"false","1851295061272559796","false","false",
"false","true","https://pbs.twimg.com/profile_banners/16331010/1664401115","Wed Sep 17 15:50:22 +0000 2008","Breaking entertainment news as it happens.","TMZ.com","http://www.TMZ.com","0","23","https://t.co/LQPPfVeJqW","0","1381","8183026","925","true","16331010","true","false","false","Los Angeles, CA","57198","TMZ","false","https://pbs.twimg.com/profile_images/948698715220410368/EkNILtvi_normal.jpg","","463612","https://twitter.com/TMZ","user","https://x.com/TMZ","TMZ","Business","#BadBunny didn’t hold back when it came to comedian Tony Hinchcliffe’s offensive joke about his native Puerto Rico at Trump’s NYC rally -- and while he was at it, he even seemed to throw some support #KamalaHarris’ way. https://t.co/G4e5KV9ahf","Tue Oct 29 02:00:27 +0000 2024","271","81533","39","307","5","6","https://pbs.twimg.com/media/GbBc77eXkAANawN.jpg",,"false","1851081635149512874","false","false",
"false","true","https://pbs.twimg.com/profile_banners/16331010/1664401115","Wed Sep 17 15:50:22 +0000 2008","Breaking entertainment news as it happens.","TMZ.com","http://www.TMZ.com","0","23","https://t.co/LQPPfVeJqW","0","1381","8183026","925","true","16331010","true","false","false","Los Angeles, CA","57198","TMZ","false","https://pbs.twimg.com/profile_images/948698715220410368/EkNILtvi_normal.jpg","","463612","https://twitter.com/TMZ","user","https://x.com/TMZ","TMZ","Business","Jersey Shore's Vinny Guadagnino shows his support for Donald Trump while attending his MSG rally -- adding, ""I don't vote for anyone Dick Cheney votes for,"" after Cheney endorsed Kamala Harris (via @toofab)
https://t.co/D9dhhhDV1d","Mon Oct 28 22:00:12 +0000 2024","2507","142420","267","228","51","27",,,"false","1851021171849900075","false","false",
"false","true","https://pbs.twimg.com/profile_banners/16331010/1664401115","Wed Sep 17 15:50:22 +0000 2008","Breaking entertainment news as it happens.","TMZ.com","http://www.TMZ.com","0","23","https://t.co/LQPPfVeJqW","0","1381","8183026","925","true","16331010","true","false","false","Los Angeles, CA","57198","TMZ","false","https://pbs.twimg.com/profile_images/948698715220410368/EkNILtvi_normal.jpg","","463612","https://twitter.com/TMZ","user","https://x.com/TMZ","TMZ","Business","Sunny Hostin Calls Out Donald Trump After Puerto Rico Insult at NYC Rally   |  Click to read more 👇 https://t.co/4mcm2m5qbs","Mon Oct 28 19:23:34 +0000 2024","195","87830","32","406","7","7",,,"false","1850981755773186497","false","false",
"false","true","https://pbs.twimg.com/profile_banners/16331010/1664401115","Wed Sep 17 15:50:22 +0000 2008","Breaking entertainment news as it happens.","TMZ.com","http://www.TMZ.com","0","23","https://t.co/LQPPfVeJqW","0","1381","8183026","925","true","16331010","true","false","false","Los Angeles, CA","57198","TMZ","false","https://pbs.twimg.com/profile_images/948698715220410368/EkNILtvi_normal.jpg","","463612","https://twitter.com/TMZ","user","https://x.com/TMZ","TMZ","Business","Bad Bunny Shows Support for Kamala Harris After Puerto Rico 'Garbage' Joke at Trump Rally   |  Click to read more 👇 https://t.co/VJAnKWmGF5","Mon Oct 28 14:46:56 +0000 2024","492","101491","84","361","13","12",,,"false","1850912136773488799","false","false",
"false","true","https://pbs.twimg.com/profile_banners/16331010/1664401115","Wed Sep 17 15:50:22 +0000 2008","Breaking entertainment news as it happens.","TMZ.com","http://www.TMZ.com","0","23","https://t.co/LQPPfVeJqW","0","1381","8183026","925","true","16331010","true","false","false","Los Angeles, CA","57198","TMZ","false","https://pbs.twimg.com/profile_images/948698715220410368/EkNILtvi_normal.jpg","","463612","https://twitter.com/TMZ","user","https://x.com/TMZ","TMZ","Business","49ers' Nick Bosa Supports Trump, Crashes Teammates Post-Game Interview W/ MAGA Hat   |  Click to read more 👇 https://t.co/mt2b7sWL1c","Mon Oct 28 14:37:11 +0000 2024","599","86793","40","134","8","5",,,"false","1850909682514145652","false","false",
"false","true","https://pbs.twimg.com/profile_banners/16331010/1664401115","Wed Sep 17 15:50:22 +0000 2008","Breaking entertainment news as it happens.","TMZ.com","http://www.TMZ.com","0","23","https://t.co/LQPPfVeJqW","0","1381","8183026","925","true","16331010","true","false","false","Los Angeles, CA","57198","TMZ","false","https://pbs.twimg.com/profile_images/948698715220410368/EkNILtvi_normal.jpg","","463612","https://twitter.com/TMZ","user","https://x.com/TMZ","TMZ","Business","Comedian Tony Hinchcliffe Blasted For Joke About Puerto Rico at Trump Rally   |  Click to read more 👇 https://t.co/U38hsd4Is4","Sun Oct 27 22:48:42 +0000 2024","328","128011","54","371","26","14",,,"false","1850670992051392896","false","false",
"false","true","https://pbs.twimg.com/profile_banners/16331010/1664401115","Wed Sep 17 15:50:22 +0000 2008","Breaking entertainment news as it happens.","TMZ.com","http://www.TMZ.com","0","23","https://t.co/LQPPfVeJqW","0","1381","8183026","925","true","16331010","true","false","false","Los Angeles, CA","57198","TMZ","false","https://pbs.twimg.com/profile_images/948698715220410368/EkNILtvi_normal.jpg","","463612","https://twitter.com/TMZ","user","https://x.com/TMZ","TMZ","Business","Michelle Obama Blasts Donald Trump's 'Gross Incompetence' at Kamala Harris Rally   |  Click to read more 👇 https://t.co/v6yge1ZDS6","Sat Oct 26 22:42:29 +0000 2024","248","83893","37","330","12","5",,,"false","1850307037168574960","false","false",
"false","true","https://pbs.twimg.com/profile_banners/16331010/1664401115","Wed Sep 17 15:50:22 +0000 2008","Breaking entertainment news as it happens.","TMZ.com","http://www.TMZ.com","0","23","https://t.co/LQPPfVeJqW","0","1381","8183026","925","true","16331010","true","false","false","Los Angeles, CA","57198","TMZ","false","https://pbs.twimg.com/profile_images/948698715220410368/EkNILtvi_normal.jpg","","463612","https://twitter.com/TMZ","user","https://x.com/TMZ","TMZ","Business","Donald Trump Pesters Joe Rogan for Endorsement On Podcast   |  Click to read more 👇 https://t.co/G7rqioz3sM","Sat Oct 26 16:01:41 +0000 2024","197","84435","24","301","7","5",,,"false","1850206171161899371","false","false",
"false","true","https://pbs.twimg.com/profile_banners/16331010/1664401115","Wed Sep 17 15:50:22 +0000 2008","Breaking entertainment news as it happens.","TMZ.com","http://www.TMZ.com","0","23","https://t.co/LQPPfVeJqW","0","1381","8183026","925","true","16331010","true","false","false","Los Angeles, CA","57198","TMZ","false","https://pbs.twimg.com/profile_images/948698715220410368/EkNILtvi_normal.jpg","","463612","https://twitter.com/TMZ","user","https://x.com/TMZ","TMZ","Business","Porn Star Richelle Ryan Says Donald Trump Would Be Good for Adult-Film Industry   |  Click to read more 👇 https://t.co/KdKrGn8ITR","Fri Oct 25 21:09:21 +0000 2024","304","147217","38","77","17","32",,,"false","1849921212614422688","false","false",
"false","true","https://pbs.twimg.com/profile_banners/16331010/1664401115","Wed Sep 17 15:50:22 +0000 2008","Breaking entertainment news as it happens.","TMZ.com","http://www.TMZ.com","0","23","https://t.co/LQPPfVeJqW","0","1381","8183026","925","true","16331010","true","false","false","Los Angeles, CA","57198","TMZ","false","https://pbs.twimg.com/profile_images/948698715220410368/EkNILtvi_normal.jpg","","463612","https://twitter.com/TMZ","user","https://x.com/TMZ","TMZ","Business","Charlamagne Tha God and Anderson Cooper Clash Over CNN Trump Coverage   |  Click to read more 👇 https://t.co/yZsuoKivmy","Fri Oct 25 15:38:04 +0000 2024","66","40959","17","60","1","5",,,"false","1849837843985657893","false","false",
"false","true","https://pbs.twimg.com/profile_banners/16331010/1664401115","Wed Sep 17 15:50:22 +0000 2008","Breaking entertainment news as it happens.","TMZ.com","http://www.TMZ.com","0","23","https://t.co/LQPPfVeJqW","0","1381","8183026","925","true","16331010","true","false","false","Los Angeles, CA","57198","TMZ","false","https://pbs.twimg.com/profile_images/948698715220410368/EkNILtvi_normal.jpg","","463612","https://twitter.com/TMZ","user","https://x.com/TMZ","TMZ","Business","Bruce Springsteen Says Donald Trump is Running to Be 'American Tyrant'   |  Click to read more 👇 https://t.co/SzTHKAl3yt","Fri Oct 25 00:42:29 +0000 2024","293","66870","49","243","5","7",,,"false","1849612462506582401","false","false",
